cin,count
2006-01-02,100
2006-01-03,36
2006-01-04,196
2006-01-05,49
2006-01-06,81
2006-01-07,36
2006-01-08,4
2006-01-09,144
2006-01-10,64
2006-01-11,25
2006-01-12,64
2006-01-13,49
2006-01-14,25
2006-01-18,1
2006-01-24,49
2006-01-25,121
2006-01-26,121
2006-01-27,25
2006-01-28,1
2006-01-29,1
2006-01-30,196
2006-01-31,100
2006-02-01,36
2006-02-02,9
2006-02-03,9
2006-02-04,25
2006-02-05,1
2006-02-06,49
2006-02-07,25
2006-02-08,25
2006-02-09,64
2006-02-10,9
2006-02-11,4
2006-02-12,1
2006-02-13,121
2006-02-14,64
2006-02-15,64
2006-02-16,64
2006-02-17,16
2006-02-18,4
2006-02-19,1
2006-02-21,121
2006-02-22,81
2006-02-23,49
2006-02-24,81
2006-02-25,25
2006-02-27,36
2006-02-28,16
2006-03-01,169
2006-03-02,100
2006-03-03,36
2006-03-04,36
2006-03-05,4
2006-03-06,100
2006-03-07,9
2006-03-08,81
2006-03-09,36
2006-03-10,81
2006-03-11,4
2006-03-12,4
2006-03-13,25
2006-03-14,49
2006-03-15,25
2006-03-16,81
2006-03-17,49
2006-03-18,9
2006-03-20,36
2006-03-21,25
2006-03-22,81
2006-03-23,49
2006-03-24,100
2006-03-25,1
2006-03-26,1
2006-03-27,121
2006-03-28,100
2006-03-29,36
2006-03-30,361
2006-03-31,36
2006-04-01,36
2006-04-02,4
2006-04-03,121
2006-04-04,64
2006-04-05,1
2006-04-06,49
2006-04-07,16
2006-04-08,9
2006-04-09,4
2006-04-10,9
2006-04-11,25
2006-04-12,25
2006-04-13,36
2006-04-14,64
2006-04-15,81
2006-04-17,64
2006-04-20,9
2006-04-21,9
2006-04-22,1
2006-04-23,9
2006-04-24,121
2006-04-25,49
2006-04-26,81
2006-04-27,100
2006-04-28,144
2006-04-29,9
2006-04-30,16
2006-05-02,25
2006-05-03,121
2006-05-04,81
2006-05-05,9
2006-05-06,25
2006-05-07,1
2006-05-08,169
2006-05-09,81
2006-05-20,1
2006-05-21,1
2006-05-22,36
2006-05-23,144
2006-05-24,81
2006-05-25,36
2006-05-26,25
2006-05-27,64
2006-05-30,64
2006-05-31,64
2006-06-01,25
2006-06-02,64
2006-06-03,9
2006-06-04,4
2006-06-05,36
2006-06-06,169
2006-06-07,100
2006-06-08,9
2006-06-09,25
2006-06-10,4
2006-06-11,4
2006-06-12,25
2006-06-13,100
2006-06-14,36
2006-06-15,100
2006-06-16,16
2006-06-18,9
2006-06-19,81
2006-06-20,1
2006-06-21,121
2006-06-22,36
2006-06-23,9
2006-06-24,16
2006-06-26,16
2006-06-27,144
2006-06-28,36
2006-06-29,121
2006-06-30,64
2006-07-01,9
2006-07-02,9
2006-07-03,9
2006-07-05,36
2006-07-06,36
2006-07-07,36
2006-07-08,4
2006-07-09,4
2006-07-10,36
2006-07-11,4
2006-07-12,49
2006-07-13,100
2006-07-14,16
2006-07-15,9
2006-07-16,4
2006-07-17,169
2006-07-18,81
2006-07-19,25
2006-07-20,16
2006-07-21,16
2006-07-22,16
2006-07-23,9
2006-07-24,36
2006-07-25,49
2006-07-26,1
2006-07-27,9
2006-07-28,16
2006-07-29,4
2006-07-30,4
2006-07-31,169
2006-08-01,4
2006-08-02,225
2006-08-03,64
2006-08-04,64
2006-08-06,4
2006-08-07,144
2006-08-08,121
2006-08-09,36
2006-08-10,16
2006-08-11,16
2006-08-12,4
2006-08-13,4
2006-08-14,81
2006-08-15,196
2006-08-16,81
2006-08-17,16
2006-08-18,100
2006-08-19,16
2006-08-20,4
2006-08-21,225
2006-08-22,81
2006-08-23,289
2006-08-24,49
2006-08-25,100
2006-08-26,36
2006-08-27,4
2006-08-28,144
2006-08-29,16
2006-08-30,49
2006-08-31,49
2006-09-01,81
2006-09-02,16
2006-09-03,4
2006-09-05,25
2006-09-06,196
2006-09-07,196
2006-09-08,1
2006-09-12,4
2006-09-13,16
2006-09-14,100
2006-09-15,49
2006-09-16,9
2006-09-18,121
2006-09-19,25
2006-09-20,81
2006-09-21,196
2006-09-22,100
2006-09-23,16
2006-09-24,1
2006-09-25,169
2006-09-26,49
2006-09-27,36
2006-09-28,25
2006-09-29,16
2006-09-30,25
2006-10-01,4
2006-10-02,100
2006-10-03,49
2006-10-04,81
2006-10-05,81
2006-10-06,4
2006-10-07,9
2006-10-08,1
2006-10-09,81
2006-10-10,225
2006-10-11,121
2006-10-12,169
2006-10-13,100
2006-10-14,16
2006-10-15,1
2006-10-16,289
2006-10-17,121
2006-10-18,49
2006-10-19,169
2006-10-20,169
2006-10-21,36
2006-10-22,4
2006-10-23,49
2006-10-24,225
2006-10-25,196
2006-10-26,144
2006-10-27,49
2006-10-28,36
2006-10-29,4
2006-10-30,225
2006-10-31,169
2006-11-01,144
2006-11-03,49
2006-11-04,64
2006-11-05,1
2006-11-06,121
2006-11-07,100
2006-11-08,49
2006-11-09,64
2006-11-10,81
2006-11-12,4
2006-11-13,196
2006-11-14,81
2006-11-15,64
2006-11-16,361
2006-11-17,144
2006-11-18,100
2006-11-19,4
2006-11-20,196
2006-11-21,49
2006-11-22,196
2006-11-24,64
2006-11-25,16
2006-11-26,25
2006-11-27,100
2006-11-28,25
2006-11-29,289
2006-11-30,256
2006-12-01,81
2006-12-02,64
2006-12-03,1
2006-12-04,196
2006-12-05,144
2006-12-06,400
2006-12-07,121
2006-12-08,36
2006-12-09,49
2006-12-10,4
2006-12-11,121
2006-12-12,361
2006-12-13,36
2006-12-14,100
2006-12-15,49
2006-12-17,1
2006-12-18,81
2006-12-19,225
2006-12-20,144
2006-12-21,400
2006-12-22,81
2006-12-23,36
2006-12-26,400
2006-12-27,81
2006-12-28,121
2006-12-29,36
2006-12-30,81
2006-12-31,1
2007-01-02,100
2007-01-03,64
2007-01-04,144
2007-01-05,121
2007-01-06,100
2007-01-07,4
2007-01-08,169
2007-01-09,196
2007-01-10,64
2007-01-11,100
2007-01-12,100
2007-01-13,16
2007-01-14,49
2007-01-15,9
2007-01-16,16
2007-01-17,9
2007-01-18,100
2007-01-19,64
2007-01-20,25
2007-01-21,9
2007-01-22,144
2007-01-23,36
2007-01-24,9
2007-01-25,16
2007-01-26,4
2007-02-13,81
2007-02-14,100
2007-02-15,289
2007-02-16,256
2007-02-17,49
2007-02-18,9
2007-02-20,576
2007-02-21,81
2007-02-22,100
2007-02-23,121
2007-02-24,25
2007-02-25,9
2007-02-26,144
2007-02-27,100
2007-02-28,49
2007-03-01,81
2007-03-02,121
2007-03-03,81
2007-03-05,144
2007-03-06,225
2007-03-07,169
2007-03-08,169
2007-03-09,144
2007-03-10,49
2007-03-11,4
2007-03-12,81
2007-03-13,121
2007-03-14,289
2007-03-15,100
2007-03-16,25
2007-03-17,49
2007-03-18,1
2007-03-19,100
2007-03-20,169
2007-03-21,121
2007-03-22,144
2007-03-23,225
2007-03-24,64
2007-03-25,4
2007-03-28,441
2007-03-29,196
2007-03-30,100
2007-03-31,16
2007-04-01,9
2007-04-02,441
2007-04-03,36
2007-04-04,121
2007-04-05,49
2007-04-06,64
2007-04-07,100
2007-04-08,1
2007-04-09,144
2007-04-10,121
2007-04-11,121
2007-04-12,144
2007-04-13,36
2007-04-14,4
2007-04-15,4
2007-04-16,9
2007-04-17,64
2007-04-18,64
2007-04-19,169
2007-04-20,361
2007-04-21,25
2007-04-23,16
2007-04-24,64
2007-04-25,36
2007-04-26,49
2007-04-27,25
2007-04-28,25
2007-04-29,9
2007-04-30,64
2007-05-01,81
2007-05-02,289
2007-05-03,169
2007-05-04,289
2007-05-05,25
2007-05-06,1
2007-05-07,121
2007-05-08,144
2007-05-10,36
2007-05-11,196
2007-05-12,9
2007-05-13,1
2007-05-14,169
2007-05-15,9
2007-05-16,256
2007-05-17,225
2007-05-18,64
2007-05-19,4
2007-05-20,1
2007-05-21,144
2007-05-22,100
2007-05-23,169
2007-05-24,121
2007-05-25,169
2007-05-26,49
2007-05-27,1
2007-05-29,841
2007-05-30,4
2007-06-07,1
2007-06-08,121
2007-06-09,16
2007-06-10,16
2007-06-11,81
2007-06-12,9
2007-06-13,196
2007-06-14,16
2007-06-15,81
2007-06-16,36
2007-06-17,16
2007-06-18,100
2007-06-19,49
2007-06-20,169
2007-06-21,81
2007-06-22,100
2007-06-23,16
2007-06-24,4
2007-06-25,100
2007-06-26,144
2007-06-27,81
2007-06-28,81
2007-06-29,169
2007-06-30,49
2007-07-01,25
2007-07-02,25
2007-07-03,196
2007-07-05,16
2007-07-06,9
2007-07-07,16
2007-07-08,1
2007-07-09,36
2007-07-10,36
2007-07-11,81
2007-07-12,25
2007-07-13,36
2007-07-14,81
2007-07-15,16
2007-07-16,100
2007-07-17,25
2007-07-18,49
2007-07-19,144
2007-07-20,1
2007-07-21,16
2007-07-22,16
2007-07-23,196
2007-07-24,196
2007-07-25,64
2007-07-26,144
2007-07-27,9
2007-07-28,4
2007-07-29,4
2007-07-30,324
2007-07-31,64
2007-08-01,144
2007-08-02,81
2007-08-03,100
2007-08-04,49
2007-08-05,25
2007-08-06,49
2007-08-07,36
2007-08-08,121
2007-08-09,36
2007-08-10,4
2007-08-11,49
2007-08-12,1
2007-08-13,36
2007-08-14,81
2007-08-15,144
2007-08-16,81
2007-08-17,16
2007-08-18,36
2007-08-19,1
2007-08-20,169
2007-08-21,81
2007-08-22,36
2007-08-23,49
2007-08-24,25
2007-08-25,9
2007-08-26,9
2007-08-27,121
2007-08-28,100
2007-08-29,81
2007-08-30,121
2007-08-31,144
2007-09-01,16
2007-09-02,9
2007-09-04,144
2007-09-05,225
2007-09-06,324
2007-09-07,81
2007-09-08,81
2007-09-09,16
2007-09-10,121
2007-09-11,100
2007-09-12,16
2007-09-13,100
2007-09-14,64
2007-09-15,36
2007-09-16,4
2007-09-17,121
2007-09-18,9
2007-09-19,64
2007-09-20,121
2007-09-21,196
2007-09-22,16
2007-09-24,196
2007-09-25,49
2007-09-26,289
2007-09-27,196
2007-09-28,25
2007-09-29,9
2007-09-30,4
2007-10-01,100
2007-10-02,49
2007-10-03,49
2007-10-04,144
2007-10-05,81
2007-10-06,4
2007-10-07,81
2007-10-08,169
2007-10-09,36
2007-10-10,196
2007-10-11,100
2007-10-12,64
2007-10-13,144
2007-10-14,16
2007-10-15,225
2007-10-16,256
2007-10-17,100
2007-10-18,169
2007-10-19,64
2007-10-20,1
2007-10-28,9
2007-10-29,196
2007-11-01,169
2007-11-02,25
2007-11-03,36
2007-11-04,9
2007-11-05,196
2007-11-06,225
2007-11-07,256
2007-11-08,100
2007-11-09,144
2007-11-10,64
2007-11-12,169
2007-11-13,196
2007-11-14,169
2007-11-15,196
2007-11-16,256
2007-11-17,9
2007-11-18,4
2007-11-19,144
2007-11-20,361
2007-11-21,144
2007-11-23,100
2007-11-24,25
2007-11-25,1
2007-11-26,400
2007-11-27,484
2007-11-28,225
2007-11-29,400
2007-11-30,289
2007-12-01,1
2007-12-03,400
2007-12-04,324
2007-12-05,576
2007-12-06,289
2007-12-07,121
2007-12-08,64
2007-12-09,9
2007-12-10,256
2007-12-11,100
2007-12-12,225
2007-12-13,169
2007-12-14,289
2007-12-15,81
2007-12-16,9
2007-12-17,225
2007-12-18,225
2007-12-19,289
2007-12-20,49
2007-12-21,361
2007-12-22,16
2007-12-23,64
2007-12-26,324
2007-12-27,196
2007-12-28,289
2007-12-29,144
2007-12-30,9
2007-12-31,196
2008-01-02,324
2008-01-03,676
2008-01-04,144
2008-01-05,121
2008-01-06,1
2008-01-07,121
2008-01-08,121
2008-01-09,324
2008-01-10,289
2008-01-11,64
2008-01-12,36
2008-01-13,25
2008-01-14,256
2008-01-15,81
2008-01-16,484
2008-01-17,196
2008-01-18,49
2008-01-19,64
2008-01-20,4
2008-01-22,324
2008-01-23,400
2008-01-24,324
2008-01-25,484
2008-01-26,9
2008-01-27,9
2008-01-28,529
2008-01-29,169
2008-01-30,121
2008-01-31,169
2008-02-01,196
2008-02-02,64
2008-02-03,4
2008-02-04,225
2008-02-05,169
2008-02-06,576
2008-02-07,400
2008-02-08,196
2008-02-09,16
2008-02-10,4
2008-02-11,256
2008-02-12,441
2008-02-13,256
2008-02-14,121
2008-02-15,81
2008-02-16,81
2008-02-17,16
2008-02-19,256
2008-02-20,225
2008-02-21,225
2008-02-22,100
2008-02-23,64
2008-02-24,36
2008-02-25,64
2008-02-26,529
2008-02-27,144
2008-02-28,256
2008-02-29,81
2008-03-01,64
2008-03-02,4
2008-03-03,324
2008-03-04,289
2008-03-05,196
2008-03-06,196
2008-03-07,225
2008-03-08,36
2008-03-09,4
2008-03-10,484
2008-03-11,225
2008-03-12,289
2008-03-13,225
2008-03-14,121
2008-03-15,36
2008-03-16,36
2008-03-17,169
2008-03-18,16
2008-03-19,121
2008-03-20,121
2008-03-21,49
2008-03-22,100
2008-03-24,81
2008-03-25,121
2008-03-26,100
2008-03-27,256
2008-03-28,144
2008-03-29,81
2008-03-30,25
2008-03-31,324
2008-04-01,324
2008-04-02,256
2008-04-03,196
2008-04-04,196
2008-04-05,121
2008-04-06,36
2008-04-07,81
2008-04-08,169
2008-04-09,4
2008-04-11,36
2008-04-12,49
2008-04-13,16
2008-04-14,256
2008-04-15,36
2008-04-16,225
2008-04-17,256
2008-04-18,121
2008-04-19,121
2008-04-20,25
2008-04-21,169
2008-04-22,361
2008-04-23,100
2008-04-24,25
2008-04-25,256
2008-04-26,81
2008-04-28,144
2008-04-29,121
2008-04-30,196
2008-05-01,324
2008-05-02,100
2008-05-03,100
2008-05-04,9
2008-05-05,400
2008-05-06,256
2008-05-07,144
2008-05-08,144
2008-05-09,64
2008-05-10,289
2008-05-11,4
2008-05-12,81
2008-05-13,81
2008-05-14,121
2008-05-15,81
2008-05-16,25
2008-05-17,49
2008-05-18,16
2008-05-19,361
2008-05-20,225
2008-05-21,196
2008-05-22,100
2008-05-23,64
2008-05-24,16
2008-05-25,4
2008-05-27,121
2008-05-28,324
2008-05-29,169
2008-05-30,324
2008-05-31,64
2008-06-01,1
2008-06-02,361
2008-06-03,196
2008-06-04,100
2008-06-05,36
2008-06-06,64
2008-06-07,16
2008-06-08,1
2008-06-09,225
2008-06-10,100
2008-06-11,256
2008-06-12,64
2008-06-13,100
2008-06-14,49
2008-06-16,81
2008-06-17,225
2008-06-18,169
2008-06-19,25
2008-06-20,100
2008-06-21,100
2008-06-22,64
2008-06-23,144
2008-06-24,64
2008-06-25,64
2008-06-26,121
2008-06-27,81
2008-06-28,36
2008-06-29,16
2008-06-30,324
2008-07-01,25
2008-07-02,169
2008-07-03,49
2008-07-05,100
2008-07-06,4
2008-07-07,196
2008-07-08,144
2008-07-09,400
2008-07-10,225
2008-07-11,16
2008-07-12,64
2008-07-13,4
2008-07-14,324
2008-07-15,225
2008-07-16,49
2008-07-17,100
2008-07-18,49
2008-07-19,100
2008-07-20,16
2008-07-21,100
2008-07-22,144
2008-07-23,225
2008-07-24,256
2008-07-25,36
2008-07-26,16
2008-07-27,36
2008-07-28,169
2008-07-29,196
2008-07-30,64
2008-07-31,81
2008-08-01,64
2008-08-02,100
2008-08-03,9
2008-08-04,121
2008-08-05,169
2008-08-06,121
2008-08-07,144
2008-08-08,81
2008-08-09,100
2008-08-10,4
2008-08-11,100
2008-08-12,196
2008-08-13,144
2008-08-14,196
2008-08-15,49
2008-08-16,144
2008-08-17,1
2008-08-18,225
2008-08-19,64
2008-08-20,64
2008-08-21,36
2008-08-22,49
2008-08-23,121
2008-08-24,9
2008-08-25,169
2008-08-26,144
2008-08-27,100
2008-08-28,196
2008-08-29,64
2008-08-30,196
2008-08-31,4
2008-09-02,400
2008-09-03,225
2008-09-04,256
2008-09-05,100
2008-09-06,25
2008-09-07,4
2008-09-08,25
2008-09-09,484
2008-09-10,144
2008-09-11,100
2008-09-12,81
2008-09-13,81
2008-09-14,9
2008-09-15,289
2008-09-16,121
2008-09-17,81
2008-09-18,169
2008-09-19,169
2008-09-20,196
2008-09-21,1
2008-09-22,144
2008-09-23,64
2008-09-24,121
2008-09-25,81
2008-09-26,64
2008-09-27,324
2008-09-29,16
2008-09-30,36
2008-10-01,36
2008-10-02,144
2008-10-03,36
2008-10-04,169
2008-10-05,25
2008-10-06,196
2008-10-07,256
2008-10-08,196
2008-10-09,49
2008-10-10,121
2008-10-11,100
2008-10-12,16
2008-10-13,289
2008-10-14,121
2008-10-15,256
2008-10-16,169
2008-10-17,400
2008-10-18,256
2008-10-19,4
2008-10-20,81
2008-10-21,324
2008-10-22,121
2008-10-23,36
2008-10-24,64
2008-10-25,144
2008-10-26,4
2008-10-27,121
2008-10-28,256
2008-10-29,144
2008-10-30,144
2008-10-31,100
2008-11-01,196
2008-11-02,49
2008-11-03,576
2008-11-04,256
2008-11-05,484
2008-11-06,225
2008-11-07,169
2008-11-08,169
2008-11-09,25
2008-11-10,225
2008-11-12,441
2008-11-13,121
2008-11-14,289
2008-11-15,100
2008-11-16,25
2008-11-17,36
2008-11-18,36
2008-11-19,100
2008-11-20,64
2008-11-21,121
2008-11-22,400
2008-11-23,4
2008-11-24,225
2008-11-25,361
2008-11-26,196
2008-11-28,225
2008-11-29,289
2008-11-30,16
2008-12-01,784
2008-12-02,196
2008-12-03,676
2008-12-04,196
2008-12-05,225
2008-12-06,196
2008-12-07,25
2008-12-08,121
2008-12-09,289
2008-12-10,25
2008-12-11,49
2008-12-12,196
2008-12-13,144
2008-12-14,1
2008-12-15,256
2008-12-16,361
2008-12-17,196
2008-12-18,1
2008-12-19,81
2008-12-20,144
2008-12-21,16
2008-12-22,49
2008-12-23,49
2008-12-26,400
2008-12-27,81
2008-12-28,81
2008-12-29,441
2008-12-30,169
2008-12-31,100
2009-01-02,100
2009-01-03,256
2009-01-04,9
2009-01-05,361
2009-01-06,361
2009-01-07,196
2009-01-08,529
2009-01-09,324
2009-01-10,144
2009-01-11,9
2009-01-12,529
2009-01-13,441
2009-01-14,289
2009-01-15,324
2009-01-16,64
2009-01-17,441
2009-01-18,25
2009-01-19,16
2009-01-20,1089
2009-01-21,225
2009-01-22,625
2009-01-23,100
2009-01-24,324
2009-01-25,25
2009-01-26,196
2009-01-27,49
2009-01-28,400
2009-01-29,121
2009-01-30,121
2009-01-31,196
2009-02-01,25
2009-02-02,400
2009-02-03,196
2009-02-04,196
2009-02-05,256
2009-02-06,49
2009-02-07,100
2009-02-08,16
2009-02-09,144
2009-02-10,196
2009-02-11,144
2009-02-12,144
2009-02-13,100
2009-02-14,256
2009-02-15,4
2009-02-17,324
2009-02-18,196
2009-02-19,144
2009-02-20,169
2009-02-21,729
2009-02-22,1
2009-02-23,49
2009-02-24,121
2009-02-25,324
2009-02-26,256
2009-02-27,49
2009-02-28,121
2009-03-01,1
2009-03-02,121
2009-03-03,144
2009-03-04,169
2009-03-05,225
2009-03-06,121
2009-03-07,64
2009-03-08,4
2009-03-09,225
2009-03-10,361
2009-03-11,225
2009-03-12,169
2009-03-13,196
2009-03-14,289
2009-03-15,9
2009-03-16,289
2009-03-17,400
2009-03-18,256
2009-03-19,121
2009-03-20,169
2009-03-21,196
2009-03-22,25
2009-03-23,361
2009-03-24,196
2009-03-25,196
2009-03-26,36
2009-03-27,36
2009-03-28,100
2009-03-29,9
2009-03-30,100
2009-03-31,400
2009-04-01,400
2009-04-02,64
2009-04-03,289
2009-04-04,256
2009-04-05,36
2009-04-06,144
2009-04-07,225
2009-04-08,100
2009-04-09,100
2009-04-10,9
2009-04-11,225
2009-04-13,256
2009-04-14,144
2009-04-15,225
2009-04-16,289
2009-04-17,144
2009-04-18,81
2009-04-19,9
2009-04-20,144
2009-04-21,25
2009-04-22,121
2009-04-23,225
2009-04-24,25
2009-04-25,36
2009-04-26,36
2009-04-27,100
2009-04-28,49
2009-04-29,144
2009-04-30,49
2009-05-01,64
2009-05-02,64
2009-05-03,25
2009-05-04,81
2009-05-05,9
2009-05-06,81
2009-05-07,49
2009-05-08,36
2009-05-09,81
2009-05-10,1
2009-05-11,64
2009-05-12,121
2009-05-13,64
2009-05-14,121
2009-05-15,36
2009-05-16,49
2009-05-17,9
2009-05-18,25
2009-05-19,81
2009-05-20,100
2009-05-21,9
2009-05-22,64
2009-05-23,16
2009-05-24,9
2009-05-26,144
2009-05-27,36
2009-05-28,49
2009-05-29,121
2009-05-30,81
2009-05-31,4
2009-06-01,144
2009-06-02,144
2009-06-03,169
2009-06-04,361
2009-06-05,25
2009-06-06,49
2009-06-07,1
2009-06-08,100
2009-06-09,81
2009-06-10,49
2009-06-11,100
2009-06-12,121
2009-06-13,100
2009-06-14,4
2009-06-15,441
2009-06-16,64
2009-06-17,100
2009-06-18,225
2009-06-19,121
2009-06-20,49
2009-06-21,9
2009-06-22,121
2009-06-23,49
2009-06-24,121
2009-06-25,256
2009-06-26,169
2009-06-27,36
2009-06-28,25
2009-06-29,81
2009-06-30,81
2009-07-01,256
2009-07-02,64
2009-07-03,144
2009-07-05,36
2009-07-06,361
2009-07-07,100
2009-07-08,144
2009-07-09,16
2009-07-10,169
2009-07-11,144
2009-07-12,1
2009-07-13,36
2009-07-14,121
2009-07-15,169
2009-07-16,36
2009-07-17,144
2009-07-18,25
2009-07-19,4
2009-07-20,225
2009-07-21,225
2009-07-22,100
2009-07-23,25
2009-07-24,100
2009-07-25,81
2009-07-27,289
2009-07-28,256
2009-07-29,144
2009-07-30,225
2009-07-31,361
2009-08-01,49
2009-08-02,100
2009-08-03,169
2009-08-04,100
2009-08-05,16
2009-08-06,81
2009-08-07,25
2009-08-08,100
2009-08-09,49
2009-08-10,225
2009-08-11,256
2009-08-12,81
2009-08-13,64
2009-08-14,121
2009-08-15,100
2009-08-16,1
2009-08-17,256
2009-08-18,121
2009-08-19,144
2009-08-20,289
2009-08-21,64
2009-08-22,81
2009-08-23,16
2009-08-24,121
2009-08-25,100
2009-08-26,196
2009-08-27,36
2009-08-28,144
2009-08-29,81
2009-08-30,16
2009-09-08,169
2009-09-09,196
2009-09-10,9
2009-09-11,49
2009-09-12,25
2009-09-13,1
2009-09-14,196
2009-09-15,49
2009-09-16,144
2009-09-17,100
2009-09-18,25
2009-09-19,49
2009-09-20,25
2009-09-21,196
2009-09-22,144
2009-09-23,169
2009-09-24,100
2009-09-25,196
2009-09-26,81
2009-09-27,1
2009-09-28,144
2009-09-29,196
2009-09-30,225
2009-10-01,256
2009-10-02,169
2009-10-03,49
2009-10-04,64
2009-10-05,196
2009-10-06,324
2009-10-07,121
2009-10-08,100
2009-10-09,121
2009-10-10,196
2009-10-11,4
2009-10-12,289
2009-10-13,144
2009-10-14,49
2009-10-15,64
2009-10-16,169
2009-10-17,64
2009-10-18,1
2009-10-19,441
2009-10-20,121
2009-10-21,100
2009-10-22,196
2009-10-23,196
2009-10-24,100
2009-10-25,4
2009-10-26,324
2009-10-27,324
2009-10-28,225
2009-10-29,121
2009-10-30,121
2009-10-31,169
2009-11-01,4
2009-11-02,625
2009-11-03,100
2009-11-04,361
2009-11-05,100
2009-11-06,64
2009-11-07,361
2009-11-08,36
2009-11-09,1156
2009-11-10,441
2009-11-12,484
2009-11-13,49
2009-11-14,100
2009-11-15,16
2009-11-16,324
2009-11-17,484
2009-11-18,225
2009-11-19,196
2009-11-20,64
2009-11-21,256
2009-11-22,9
2009-11-23,169
2009-11-24,256
2009-11-25,144
2009-11-27,121
2009-11-28,225
2009-11-29,1
2009-11-30,225
2009-12-01,361
2009-12-02,400
2009-12-03,36
2009-12-04,576
2009-12-05,400
2009-12-07,484
2009-12-08,225
2009-12-09,225
2009-12-10,81
2009-12-11,49
2009-12-12,144
2009-12-14,225
2009-12-15,121
2009-12-16,144
2009-12-17,121
2009-12-18,36
2009-12-19,169
2009-12-20,9
2009-12-21,169
2009-12-22,324
2009-12-23,196
2009-12-26,144
2009-12-27,36
2009-12-28,225
2009-12-29,361
2009-12-30,169
2009-12-31,64
2010-01-02,361
2010-01-03,36
2010-01-04,576
2010-01-05,361
2010-01-06,225
2010-01-07,196
2010-01-08,121
2010-01-09,100
2010-01-10,4
2010-01-11,484
2010-01-12,289
2010-01-13,169
2010-01-14,81
2010-01-15,144
2010-01-16,121
2010-01-19,289
2010-01-20,144
2010-01-21,324
2010-01-22,169
2010-01-23,144
2010-01-24,9
2010-01-25,576
2010-01-26,324
2010-01-27,196
2010-01-28,121
2010-01-29,64
2010-01-30,81
2010-01-31,100
2010-02-01,144
2010-02-02,256
2010-02-03,196
2010-02-04,100
2010-02-05,25
2010-02-06,441
2010-02-07,9
2010-02-08,400
2010-02-09,121
2010-02-10,225
2010-02-11,289
2010-02-12,400
2010-02-13,256
2010-02-14,196
2010-02-16,676
2010-02-17,169
2010-02-18,169
2010-02-19,169
2010-02-20,225
2010-02-21,16
2010-02-22,324
2010-02-23,100
2010-02-24,144
2010-02-25,144
2010-02-26,1
2010-02-27,81
2010-02-28,9
2010-03-01,225
2010-03-02,100
2010-03-03,169
2010-03-04,144
2010-03-05,64
2010-03-06,121
2010-03-07,4
2010-03-08,196
2010-03-09,81
2010-03-10,196
2010-03-11,49
2010-03-12,169
2010-03-13,121
2010-03-14,36
2010-03-15,196
2010-03-16,324
2010-03-17,121
2010-03-18,289
2010-03-19,64
2010-03-20,121
2010-03-21,9
2010-03-22,81
2010-03-23,196
2010-03-24,81
2010-03-25,81
2010-03-26,144
2010-03-27,121
2010-03-28,121
2010-03-29,144
2010-03-30,169
2010-03-31,49
2010-04-01,81
2010-04-02,64
2010-04-03,100
2010-04-04,4
2010-04-05,121
2010-04-06,196
2010-04-07,36
2010-04-08,100
2010-04-09,25
2010-04-10,100
2010-04-11,4
2010-04-12,121
2010-04-13,484
2010-04-14,49
2010-04-15,25
2010-04-16,25
2010-04-17,36
2010-04-18,25
2010-04-19,225
2010-04-20,100
2010-04-21,81
2010-04-22,100
2010-04-23,9
2010-04-24,256
2010-04-25,25
2010-04-26,289
2010-04-27,16
2010-04-28,25
2010-04-29,121
2010-04-30,36
2010-05-01,576
2010-05-02,9
2010-05-03,81
2010-05-04,81
2010-05-05,441
2010-05-06,121
2010-05-07,64
2010-05-08,64
2010-05-09,49
2010-05-10,225
2010-05-11,100
2010-05-12,64
2010-05-13,81
2010-05-14,81
2010-05-15,81
2010-05-16,9
2010-05-17,225
2010-05-18,256
2010-05-19,64
2010-05-20,25
2010-05-21,9
2010-05-22,144
2010-05-23,4
2010-05-24,256
2010-05-25,100
2010-05-26,361
2010-05-27,81
2010-05-28,49
2010-05-29,169
2010-05-30,36
2010-05-31,1
2010-06-01,144
2010-06-02,144
2010-06-03,25
2010-06-04,9
2010-06-05,196
2010-06-06,16
2010-06-07,225
2010-06-08,196
2010-06-09,225
2010-06-10,169
2010-06-11,25
2010-06-12,121
2010-06-13,36
2010-06-14,169
2010-06-15,100
2010-06-16,144
2010-06-17,169
2010-06-18,36
2010-06-19,64
2010-06-21,64
2010-06-22,81
2010-06-23,225
2010-06-24,36
2010-06-25,36
2010-06-26,100
2010-06-27,9
2010-06-28,121
2010-06-29,49
2010-06-30,36
2010-07-01,64
2010-07-02,25
2010-07-03,81
2010-07-05,121
2010-07-06,100
2010-07-07,81
2010-07-08,9
2010-07-09,100
2010-07-10,64
2010-07-11,9
2010-07-12,169
2010-07-13,49
2010-07-14,25
2010-07-15,9
2010-07-16,9
2010-07-17,121
2010-07-18,1
2010-07-19,100
2010-07-20,64
2010-07-21,36
2010-07-22,64
2010-07-23,16
2010-07-24,100
2010-07-26,25
2010-07-27,16
2010-07-28,16
2010-07-29,64
2010-07-30,64
2010-07-31,64
2010-08-01,25
2010-08-02,36
2010-08-03,49
2010-08-04,289
2010-08-05,64
2010-08-06,64
2010-08-07,64
2010-08-08,9
2010-08-09,100
2010-08-10,81
2010-08-11,49
2010-08-12,100
2010-08-13,4
2010-08-14,36
2010-08-15,9
2010-08-16,121
2010-08-17,36
2010-08-18,49
2010-08-19,121
2010-08-20,100
2010-08-21,49
2010-08-22,49
2010-08-23,196
2010-08-24,16
2010-08-25,100
2010-08-26,64
2010-08-27,25
2010-08-28,81
2010-08-29,49
2010-09-07,169
2010-09-08,36
2010-09-09,100
2010-09-10,81
2010-09-11,256
2010-09-12,9
2010-09-13,576
2010-09-14,16
2010-09-15,169
2010-09-16,289
2010-09-17,81
2010-09-18,169
2010-09-19,16
2010-09-20,225
2010-09-21,144
2010-09-22,196
2010-09-23,36
2010-09-24,169
2010-09-25,100
2010-09-26,25
2010-09-27,144
2010-09-28,144
2010-09-29,196
2010-09-30,64
2010-10-01,81
2010-10-02,121
2010-10-03,16
2010-10-04,81
2010-10-05,324
2010-10-06,121
2010-10-07,49
2010-10-08,121
2010-10-09,169
2010-10-10,36
2010-10-11,81
2010-10-12,64
2010-10-13,100
2010-10-14,64
2010-10-15,49
2010-10-16,169
2010-10-17,100
2010-10-18,484
2010-10-19,121
2010-10-20,100
2010-10-21,100
2010-10-22,36
2010-10-23,225
2010-10-24,4
2010-10-25,289
2010-10-26,144
2010-10-27,225
2010-10-28,64
2010-10-29,49
2010-10-30,324
2010-10-31,49
2010-11-01,225
2010-11-02,169
2010-11-03,36
2010-11-04,64
2010-11-05,49
2010-11-06,289
2010-11-07,81
2010-11-08,361
2010-11-09,144
2010-11-10,144
2010-11-12,289
2010-11-13,196
2010-11-14,100
2010-11-15,196
2010-11-16,100
2010-11-17,25
2010-11-18,64
2010-11-19,49
2010-11-20,100
2010-11-21,64
2010-11-22,81
2010-11-23,4
2010-11-24,81
2010-11-26,100
2010-11-27,729
2010-11-28,49
2010-11-29,625
2010-11-30,121
2010-12-01,81
2010-12-02,121
2010-12-03,289
2010-12-04,441
2010-12-05,81
2010-12-06,484
2010-12-07,169
2010-12-08,169
2010-12-09,121
2010-12-10,49
2010-12-11,400
2010-12-12,81
2010-12-13,169
2010-12-14,196
2010-12-15,81
2010-12-16,36
2010-12-17,100
2010-12-18,196
2010-12-19,36
2010-12-20,484
2010-12-21,196
2010-12-22,400
2010-12-23,225
2010-12-26,49
2010-12-27,441
2010-12-28,441
2010-12-29,121
2010-12-30,100
2010-12-31,256
2011-01-02,121
2011-01-03,576
2011-01-04,324
2011-01-05,256
2011-01-06,169
2011-01-07,16
2011-01-08,361
2011-01-09,81
2011-01-10,361
2011-01-11,144
2011-01-12,169
2011-01-13,100
2011-01-14,144
2011-01-15,256
2011-01-16,81
2011-01-17,1
2011-01-18,441
2011-01-19,169
2011-01-20,169
2011-01-21,49
2011-01-22,225
2011-01-23,36
2011-01-24,961
2011-01-25,169
2011-01-26,16
2011-01-27,196
2011-01-28,81
2011-01-29,289
2011-01-30,9
2011-01-31,256
2011-02-01,256
2011-02-02,196
2011-02-03,81
2011-02-04,25
2011-02-05,676
2011-02-06,64
2011-02-07,256
2011-02-08,81
2011-02-09,100
2011-02-10,169
2011-02-11,64
2011-02-12,529
2011-02-13,25
2011-02-14,256
2011-02-15,225
2011-02-16,49
2011-02-17,144
2011-02-18,144
2011-02-19,169
2011-02-20,49
2011-02-21,4
2011-02-22,784
2011-02-23,256
2011-02-24,196
2011-02-25,36
2011-02-26,400
2011-02-27,144
2011-02-28,225
2011-03-01,36
2011-03-02,121
2011-03-03,400
2011-03-04,64
2011-03-05,121
2011-03-06,16
2011-03-07,169
2011-03-08,64
2011-03-09,64
2011-03-10,64
2011-03-11,169
2011-03-12,361
2011-03-13,9
2011-03-14,225
2011-03-15,100
2011-03-16,289
2011-03-17,121
2011-03-18,196
2011-03-19,289
2011-03-20,9
2011-03-21,289
2011-03-22,144
2011-03-23,64
2011-03-24,64
2011-03-25,81
2011-03-26,144
2011-03-27,25
2011-03-28,121
2011-03-29,49
2011-03-30,16
2011-03-31,121
2011-04-01,16
2011-04-02,256
2011-04-03,64
2011-04-04,529
2011-04-05,25
2011-04-06,196
2011-04-07,121
2011-04-08,49
2011-04-09,100
2011-04-10,64
2011-04-11,144
2011-04-12,81
2011-04-13,144
2011-04-14,196
2011-04-15,16
2011-04-16,196
2011-04-17,25
2011-04-18,196
2011-04-19,121
2011-04-20,361
2011-04-21,49
2011-04-22,16
2011-04-23,225
2011-04-24,4
2011-04-25,400
2011-04-26,25
2011-04-27,225
2011-04-28,16
2011-04-29,64
2011-04-30,144
2011-05-01,9
2011-05-02,100
2011-05-03,100
2011-05-04,36
2011-05-05,81
2011-05-06,36
2011-05-07,121
2011-05-08,4
2011-05-09,196
2011-05-10,36
2011-05-11,9
2011-05-12,64
2011-05-13,9
2011-05-14,25
2011-05-15,16
2011-05-16,324
2011-05-17,256
2011-05-18,36
2011-05-19,81
2011-05-20,16
2011-05-21,196
2011-05-22,9
2011-05-23,289
2011-05-24,100
2011-05-25,49
2011-05-26,169
2011-05-27,36
2011-05-28,121
2011-05-29,64
2011-05-31,169
2011-06-01,121
2011-06-02,25
2011-06-03,25
2011-06-04,289
2011-06-05,36
2011-06-06,196
2011-06-07,81
2011-06-08,196
2011-06-09,49
2011-06-10,4
2011-06-11,81
2011-06-12,1
2011-06-13,144
2011-06-14,81
2011-06-15,36
2011-06-16,169
2011-06-17,49
2011-06-18,121
2011-06-19,9
2011-06-20,196
2011-06-21,64
2011-06-22,81
2011-06-23,169
2011-06-24,36
2011-06-25,144
2011-06-26,25
2011-06-27,196
2011-06-28,144
2011-06-29,144
2011-06-30,16
2011-07-01,36
2011-07-02,100
2011-07-03,9
2011-07-05,361
2011-07-06,144
2011-07-07,144
2011-07-08,25
2011-07-09,169
2011-07-10,16
2011-07-11,16
2011-07-12,121
2011-07-13,169
2011-07-14,64
2011-07-15,100
2011-07-16,100
2011-07-17,4
2011-07-18,144
2011-07-19,64
2011-07-20,36
2011-07-21,169
2011-07-22,9
2011-07-23,225
2011-07-24,4
2011-07-25,100
2011-07-26,16
2011-07-27,144
2011-07-28,256
2011-07-29,9
2011-07-30,169
2011-07-31,36
2011-08-01,361
2011-08-02,144
2011-08-03,121
2011-08-04,289
2011-08-05,144
2011-08-06,441
2011-08-07,36
2011-08-08,169
2011-08-09,81
2011-08-10,289
2011-08-11,144
2011-08-12,49
2011-08-13,121
2011-08-14,49
2011-08-15,841
2011-08-16,256
2011-08-17,144
2011-08-18,400
2011-08-19,64
2011-08-20,100
2011-08-21,100
2011-08-22,256
2011-08-23,256
2011-08-24,196
2011-08-25,81
2011-08-26,81
2011-08-27,324
2011-08-28,196
2011-09-06,81
2011-09-07,25
2011-09-08,25
2011-09-09,4
2011-09-10,25
2011-09-11,9
2011-09-12,196
2011-09-13,144
2011-09-14,100
2011-09-15,25
2011-09-16,49
2011-09-17,36
2011-09-18,36
2011-09-19,361
2011-09-20,100
2011-09-21,36
2011-09-22,81
2011-09-23,4
2011-09-24,81
2011-09-25,25
2011-09-26,64
2011-09-27,144
2011-09-28,64
2011-09-29,64
2011-09-30,49
2011-10-01,100
2011-10-02,16
2011-10-03,81
2011-10-04,121
2011-10-05,144
2011-10-06,36
2011-10-07,9
2011-10-08,169
2011-10-09,25
2011-10-10,81
2011-10-11,81
2011-10-12,100
2011-10-13,16
2011-10-14,9
2011-10-15,81
2011-10-16,4
2011-10-17,49
2011-10-18,64
2011-10-19,64
2011-10-20,169
2011-10-21,49
2011-10-22,49
2011-10-23,9
2011-10-24,121
2011-10-25,100
2011-10-26,144
2011-10-27,64
2011-10-28,16
2011-10-29,81
2011-10-30,64
2011-10-31,49
2011-11-01,144
2011-11-02,169
2011-11-03,196
2011-11-04,4
2011-11-05,225
2011-11-06,9
2011-11-07,36
2011-11-08,256
2011-11-09,100
2011-11-10,121
2011-11-12,169
2011-11-13,16
2011-11-14,16
2011-11-15,196
2011-11-16,36
2011-11-17,25
2011-11-18,4
2011-11-19,64
2011-11-20,25
2011-11-21,81
2011-11-22,225
2011-11-23,196
2011-11-25,36
2011-11-26,121
2011-11-27,4
2011-11-28,81
2011-11-29,100
2011-11-30,36
2011-12-01,100
2011-12-02,16
2011-12-03,100
2011-12-04,25
2011-12-05,121
2011-12-06,81
2011-12-07,169
2011-12-08,81
2011-12-09,25
2011-12-10,169
2011-12-11,4
2011-12-12,289
2011-12-13,49
2011-12-14,64
2011-12-15,25
2011-12-16,9
2011-12-17,256
2011-12-18,9
2011-12-19,441
2011-12-20,169
2011-12-21,361
2011-12-22,64
2011-12-23,121
2011-12-26,169
2011-12-27,64
2011-12-28,49
2011-12-29,169
2011-12-30,25
2011-12-31,49
2012-01-02,100
2012-01-03,144
2012-01-04,64
2012-01-05,144
2012-01-06,36
2012-01-07,324
2012-01-08,4
2012-01-09,64
2012-01-10,144
2012-01-11,36
2012-01-12,49
2012-01-13,36
2012-01-14,225
2012-01-15,16
2012-01-17,169
2012-01-20,25
2012-01-21,64
2012-01-22,16
2012-01-23,169
2012-01-24,64
2012-01-25,64
2012-01-26,196
2012-01-27,49
2012-01-28,289
2012-01-29,36
2012-01-30,1
2012-01-31,81
2012-02-01,196
2012-02-02,49
2012-02-03,64
2012-02-04,16
2012-02-05,16
2012-02-06,169
2012-02-07,144
2012-02-08,9
2012-02-09,25
2012-02-10,16
2012-02-11,16
2012-02-12,49
2012-02-13,81
2012-02-14,36
2012-02-15,64
2012-02-16,196
2012-02-17,25
2012-02-18,196
2012-02-19,36
2012-02-21,81
2012-02-22,144
2012-02-23,169
2012-02-24,49
2012-02-25,64
2012-02-26,16
2012-02-27,324
2012-02-28,64
2012-02-29,81
2012-03-01,169
2012-03-02,49
2012-03-03,144
2012-03-04,16
2012-03-05,81
2012-03-06,225
2012-03-07,64
2012-03-08,256
2012-03-09,1
2012-03-10,49
2012-03-11,9
2012-03-12,256
2012-03-13,121
2012-03-14,64
2012-03-15,121
2012-03-16,121
2012-03-17,169
2012-03-18,9
2012-03-19,36
2012-03-20,100
2012-03-21,49
2012-03-22,289
2012-03-23,64
2012-03-24,81
2012-03-26,81
2012-03-27,64
2012-03-28,256
2012-03-29,81
2012-03-30,64
2012-03-31,49
2012-04-02,81
2012-04-03,49
2012-04-04,16
2012-04-05,256
2012-04-06,64
2012-04-07,121
2012-04-08,4
2012-04-09,256
2012-04-10,49
2012-04-11,196
2012-04-12,49
2012-04-13,81
2012-04-14,100
2012-04-15,4
2012-04-16,100
2012-04-17,64
2012-04-18,36
2012-04-19,1
2012-04-20,49
2012-04-21,36
2012-04-22,9
2012-04-23,25
2012-04-24,36
2012-04-25,49
2012-04-26,81
2012-04-27,4
2012-04-28,1
2012-04-29,1
2012-04-30,16
2012-05-01,100
2012-05-02,25
2012-05-03,25
2012-05-04,9
2012-05-05,196
2012-05-06,16
2012-05-07,49
2012-05-08,64
2012-05-09,49
2012-05-10,25
2012-05-11,9
2012-05-12,25
2012-05-13,4
2012-05-14,100
2012-05-15,81
2012-05-16,16
2012-05-17,49
2012-05-18,16
2012-05-19,49
2012-05-20,16
2012-05-21,64
2012-05-22,4
2012-05-23,9
2012-05-24,64
2012-05-25,9
2012-05-26,9
2012-05-29,36
2012-05-30,100
2012-05-31,121
2012-06-01,36
2012-06-02,144
2012-06-03,25
2012-06-04,100
2012-06-05,289
2012-06-06,81
2012-06-07,256
2012-06-09,25
2012-06-10,1
2012-06-11,25
2012-06-12,49
2012-06-13,25
2012-06-14,4
2012-06-15,16
2012-06-16,25
2012-06-17,1
2012-06-18,25
2012-06-19,64
2012-06-20,4
2012-06-21,36
2012-06-22,25
2012-06-23,36
2012-06-24,1
2012-06-25,36
2012-06-26,64
2012-06-27,25
2012-06-28,81
2012-06-29,4
2012-06-30,121
2012-07-01,16
2012-07-02,25
2012-07-03,225
2012-07-05,81
2012-07-06,25
2012-07-07,81
2012-07-08,4
2012-07-09,100
2012-07-10,25
2012-07-11,36
2012-07-12,64
2012-07-13,49
2012-07-14,64
2012-07-15,9
2012-07-16,16
2012-07-17,25
2012-07-18,36
2012-07-19,36
2012-07-20,1
2012-07-21,36
2012-07-22,1
2012-07-23,64
2012-07-24,36
2012-07-25,16
2012-07-26,36
2012-07-27,9
2012-07-28,196
2012-07-29,9
2012-07-30,49
2012-07-31,9
2012-08-01,64
2012-08-02,25
2012-08-03,1
2012-08-04,16
2012-08-05,9
2012-08-06,9
2012-08-07,25
2012-08-08,25
2012-08-09,4
2012-08-10,1
2012-08-11,16
2012-08-12,1
2012-08-13,36
2012-08-14,81
2012-08-15,36
2012-08-16,100
2012-08-17,4
2012-08-18,4
2012-08-20,49
2012-08-21,64
2012-08-22,36
2012-08-23,64
2012-08-24,16
2012-08-25,49
2012-08-26,16
2012-09-04,121
2012-09-05,100
2012-09-06,25
2012-09-07,64
2012-09-08,49
2012-09-09,4
2012-09-10,100
2012-09-11,81
2012-09-12,225
2012-09-14,4
2012-09-15,100
2012-09-16,16
2012-09-17,49
2012-09-18,16
2012-09-19,36
2012-09-20,25
2012-09-21,25
2012-09-22,9
2012-09-23,16
2012-09-24,36
2012-09-25,144
2012-09-26,49
2012-09-28,16
2012-09-29,25
2012-09-30,36
2012-10-01,36
2012-10-02,64
2012-10-03,64
2012-10-04,36
2012-10-05,36
2012-10-06,16
2012-10-07,1
2012-10-08,36
2012-10-09,121
2012-10-10,64
2012-10-11,100
2012-10-12,25
2012-10-13,169
2012-10-15,100
2012-10-16,16
2012-10-17,81
2012-10-18,16
2012-10-19,9
2012-10-20,100
2012-10-21,9
2012-10-22,64
2012-10-23,256
2012-10-24,16
2012-10-25,16
2012-10-26,36
2012-10-27,64
2012-10-28,4
2012-10-29,49
2012-10-30,25
2012-10-31,81
2012-11-01,36
2012-11-02,9
2012-11-03,256
2012-11-04,1
2012-11-05,81
2012-11-06,4
2012-11-07,49
2012-11-08,49
2012-11-09,16
2012-11-10,144
2012-11-12,256
2012-11-13,36
2012-11-14,144
2012-11-15,9
2012-11-16,16
2012-11-17,100
2012-11-18,9
2012-11-19,144
2012-11-20,144
2012-11-21,64
2012-11-23,25
2012-11-24,144
2012-11-25,16
2012-11-26,169
2012-11-27,121
2012-11-28,169
2012-11-29,100
2012-11-30,64
2012-12-01,196
2012-12-02,9
2012-12-03,324
2012-12-04,64
2012-12-05,169
2012-12-06,36
2012-12-07,16
2012-12-08,100
2012-12-09,16
2012-12-10,225
2012-12-11,144
2012-12-12,256
2012-12-13,81
2012-12-14,36
2012-12-15,36
2012-12-16,16
2012-12-17,144
2012-12-18,64
2012-12-19,100
2012-12-20,81
2012-12-21,81
2012-12-22,225
2012-12-23,4
2012-12-26,289
2012-12-27,361
2012-12-28,196
2012-12-29,144
2012-12-30,25
2012-12-31,144
2013-01-02,100
2013-01-03,81
2013-01-04,36
2013-01-05,144
2013-01-06,16
2013-01-07,256
2013-01-08,81
2013-01-09,49
2013-01-10,64
2013-01-11,36
2013-01-12,81
2013-01-13,49
2013-01-14,225
2013-01-15,64
2013-01-16,169
2013-01-17,64
2013-01-18,81
2013-01-19,121
2013-01-20,121
2013-01-22,196
2013-01-23,100
2013-01-24,100
2013-01-25,25
2013-01-26,169
2013-01-27,36
2013-01-28,169
2013-01-29,144
2013-01-30,64
2013-01-31,121
2013-02-01,81
2013-02-02,64
2013-02-03,36
2013-02-04,49
2013-02-05,144
2013-02-06,81
2013-02-07,49
2013-02-08,64
2013-02-09,196
2013-02-10,64
2013-02-11,121
2013-02-12,144
2013-02-13,64
2013-02-14,81
2013-02-15,49
2013-02-16,169
2013-02-17,64
2013-02-19,484
2013-02-20,256
2013-02-21,144
2013-02-22,36
2013-02-23,289
2013-02-24,16
2013-02-25,144
2013-02-26,36
2013-02-27,64
2013-02-28,9
2013-03-01,49
2013-03-02,64
2013-03-03,49
2013-03-04,100
2013-03-05,64
2013-03-06,256
2013-03-07,25
2013-03-08,36
2013-03-09,289
2013-03-10,64
2013-03-11,100
2013-03-12,121
2013-03-13,100
2013-03-14,25
2013-03-15,25
2013-03-16,81
2013-03-17,16
2013-03-18,225
2013-03-19,64
2013-03-20,169
2013-03-21,25
2013-03-22,25
2013-03-23,256
2013-03-24,16
2013-03-25,121
2013-03-26,225
2013-03-27,36
2013-03-28,16
2013-03-29,16
2013-03-30,121
2013-03-31,9
2013-04-01,196
2013-04-02,64
2013-04-03,64
2013-04-04,121
2013-04-05,49
2013-04-06,25
2013-04-07,9
2013-04-08,100
2013-04-09,100
2013-04-10,196
2013-04-11,49
2013-04-12,25
2013-04-13,9
2013-04-14,16
2013-04-15,144
2013-04-16,144
2013-04-17,144
2013-04-18,16
2013-04-19,4
2013-04-20,196
2013-04-21,16
2013-04-22,144
2013-04-23,16
2013-04-24,100
2013-04-25,25
2013-04-26,9
2013-04-27,64
2013-04-28,1
2013-04-29,64
2013-04-30,4
2013-05-01,81
2013-05-02,9
2013-05-03,25
2013-05-04,64
2013-05-05,4
2013-05-06,169
2013-05-07,9
2013-05-08,81
2013-05-09,16
2013-05-10,49
2013-05-11,144
2013-05-12,16
2013-05-13,121
2013-05-14,36
2013-05-15,64
2013-05-16,100
2013-05-17,9
2013-05-18,25
2013-05-19,36
2013-05-20,64
2013-05-21,49
2013-05-22,25
2013-05-23,25
2013-05-24,25
2013-05-25,81
2013-05-26,16
2013-05-28,144
2013-05-29,100
2013-05-30,81
2013-05-31,4
2013-06-01,64
2013-06-02,49
2013-06-03,144
2013-06-04,100
2013-06-05,25
2013-06-06,100
2013-06-07,4
2013-06-08,36
2013-06-09,4
2013-06-10,225
2013-06-11,64
2013-06-12,36
2013-06-13,36
2013-06-14,9
2013-06-15,64
2013-06-16,16
2013-06-17,441
2013-06-18,64
2013-06-19,9
2013-06-20,81
2013-06-21,49
2013-06-22,121
2013-06-23,49
2013-06-24,36
2013-06-25,36
2013-06-26,64
2013-06-27,36
2013-06-28,16
2013-06-29,9
2013-06-30,9
2013-07-01,64
2013-07-02,81
2013-07-03,49
2013-07-05,36
2013-07-06,100
2013-07-07,64
2013-07-08,144
2013-07-09,169
2013-07-10,25
2013-07-11,49
2013-07-12,9
2013-07-13,16
2013-07-14,64
2013-07-15,121
2013-07-16,16
2013-07-17,16
2013-07-18,16
2013-07-19,4
2013-07-20,49
2013-07-21,25
2013-07-22,81
2013-07-23,36
2013-07-24,9
2013-07-25,49
2013-07-26,9
2013-07-27,36
2013-07-28,9
2013-07-29,25
2013-07-30,49
2013-07-31,196
2013-08-01,144
2013-08-02,25
2013-08-03,144
2013-08-04,4
2013-08-05,121
2013-08-06,16
2013-08-07,49
2013-08-08,49
2013-08-09,36
2013-08-10,25
2013-08-11,4
2013-08-12,81
2013-08-13,25
2013-08-14,9
2013-08-15,16
2013-08-16,25
2013-08-17,169
2013-08-18,36
2013-08-19,121
2013-08-20,49
2013-08-21,16
2013-08-22,16
2013-08-23,1
2013-08-24,64
2013-08-26,121
2013-08-27,25
2013-08-28,25
2013-08-29,25
2013-08-30,16
2013-08-31,16
2013-09-01,4
2013-09-03,144
2013-09-04,9
2013-09-05,144
2013-09-06,25
2013-09-07,121
2013-09-08,1
2013-09-09,25
2013-09-10,81
2013-09-11,16
2013-09-12,16
2013-09-13,9
2013-09-14,49
2013-09-15,25
2013-09-16,49
2013-09-17,36
2013-09-18,81
2013-09-19,64
2013-09-20,25
2013-09-21,81
2013-09-22,4
2013-09-23,4
2013-09-24,144
2013-09-25,169
2013-09-26,49
2013-09-27,9
2013-09-28,49
2013-09-29,16
2013-09-30,100
2013-10-01,16
2013-10-03,400
2013-10-04,169
2013-10-05,36
2013-10-06,25
2013-10-07,36
2013-10-08,16
2013-10-09,9
2013-10-10,144
2013-10-11,9
2013-10-12,49
2013-10-13,25
2013-10-14,121
2013-10-15,9
2013-10-16,81
2013-10-17,16
2013-10-18,81
2013-10-19,25
2013-10-20,81
2013-10-21,121
2013-10-22,25
2013-10-23,9
2013-10-24,36
2013-10-25,16
2013-10-26,49
2013-10-27,36
2013-10-28,100
2013-10-29,81
2013-10-30,169
2013-10-31,64
2013-11-01,49
2013-11-02,64
2013-11-03,4
2013-11-04,36
2013-11-05,64
2013-11-06,100
2013-11-07,81
2013-11-08,25
2013-11-09,36
2013-11-10,49
2013-11-12,484
2013-11-13,169
2013-11-14,49
2013-11-15,25
2013-11-16,81
2013-11-17,36
2013-11-18,64
2013-11-19,121
2013-11-20,36
2013-11-21,25
2013-11-22,64
2013-11-23,121
2013-11-24,25
2013-11-25,25
2013-11-26,16
2013-11-27,64
2013-11-29,1
2013-11-30,64
2013-12-01,25
2013-12-02,100
2013-12-03,64
2013-12-04,225
2013-12-05,49
2013-12-06,25
2013-12-07,144
2013-12-08,64
2013-12-09,144
2013-12-10,256
2013-12-11,49
2013-12-12,81
2013-12-13,9
2013-12-14,324
2013-12-15,36
2013-12-16,196
2013-12-17,100
2013-12-18,169
2013-12-19,144
2013-12-20,49
2013-12-21,169
2013-12-22,36
2013-12-23,49
2013-12-26,289
2013-12-27,1
2013-12-28,100
2013-12-29,36
2013-12-30,256
2013-12-31,64
2014-01-02,81
2014-01-03,100
2014-01-04,289
2014-01-05,9
2014-01-06,81
2014-01-07,121
2014-01-08,9
2014-01-09,144
2014-01-10,25
2014-01-11,81
2014-01-12,36
2014-01-13,169
2014-01-14,64
2014-01-15,36
2014-01-16,81
2014-01-17,64
2014-01-18,256
2014-01-19,25
2014-01-21,25
2014-01-22,16
2014-01-23,9
2014-01-24,9
2014-01-25,49
2014-01-26,9
2014-01-27,121
2014-01-28,9
2014-01-29,36
2014-01-30,100
2014-01-31,36
2014-02-01,49
2014-02-02,9
2014-02-03,225
2014-02-04,25
2014-02-05,36
2014-02-06,100
2014-02-07,49
2014-02-08,81
2014-02-09,9
2014-02-10,49
2014-02-11,36
2014-02-12,49
2014-02-13,121
2014-02-14,121
2014-02-15,64
2014-02-16,36
2014-02-18,121
2014-02-19,196
2014-02-20,169
2014-02-21,49
2014-02-22,121
2014-02-23,64
2014-02-24,49
2014-02-25,144
2014-02-26,100
2014-02-27,16
2014-02-28,16
2014-03-01,81
2014-03-02,16
2014-03-03,64
2014-03-04,64
2014-03-05,49
2014-03-06,100
2014-03-07,121
2014-03-08,81
2014-03-09,25
2014-03-10,100
2014-03-11,64
2014-03-12,121
2014-03-13,16
2014-03-14,100
2014-03-15,36
2014-03-16,9
2014-03-17,256
2014-03-18,4
2014-03-19,100
2014-03-20,49
2014-03-21,16
2014-03-22,49
2014-03-23,16
2014-03-24,81
2014-03-25,100
2014-03-26,81
2014-03-27,49
2014-03-28,36
2014-03-29,81
2014-03-30,4
2014-03-31,49
2014-04-01,100
2014-04-02,100
2014-04-03,1
2014-04-04,9
2014-04-05,4
2014-04-06,16
2014-04-07,64
2014-04-08,49
2014-04-09,225
2014-04-10,4
2014-04-11,9
2014-04-12,49
2014-04-13,9
2014-04-14,100
2014-04-15,121
2014-04-16,4
2014-04-17,25
2014-04-18,25
2014-04-19,25
2014-04-20,9
2014-04-21,169
2014-04-22,121
2014-04-23,49
2014-04-24,36
2014-04-25,49
2014-04-26,36
2014-04-27,4
2014-04-28,64
2014-04-29,16
2014-04-30,4
2014-05-01,25
2014-05-02,64
2014-05-03,25
2014-05-04,16
2014-05-05,9
2014-05-06,4
2014-05-07,49
2014-05-08,36
2014-05-09,49
2014-05-10,25
2014-05-11,1
2014-05-12,64
2014-05-13,64
2014-05-14,16
2014-05-15,36
2014-05-16,25
2014-05-17,49
2014-05-18,36
2014-05-19,49
2014-05-20,16
2014-05-21,49
2014-05-22,16
2014-05-23,49
2014-05-24,9
2014-05-25,4
2014-05-27,64
2014-05-28,121
2014-05-29,16
2014-05-30,16
2014-05-31,25
2014-06-01,9
2014-06-02,64
2014-06-03,49
2014-06-04,1
2014-06-05,144
2014-06-06,16
2014-06-07,1
2014-06-08,4
2014-06-09,36
2014-06-10,9
2014-06-11,9
2014-06-12,25
2014-06-13,36
2014-06-14,81
2014-06-15,4
2014-06-16,36
2014-06-17,9
2014-06-18,1
2014-06-19,16
2014-06-20,16
2014-06-21,25
2014-06-22,25
2014-06-23,49
2014-06-24,16
2014-06-25,9
2014-06-26,4
2014-06-27,1
2014-06-28,4
2014-06-29,25
2014-06-30,25
2014-07-01,49
2014-07-02,36
2014-07-03,100
2014-07-05,25
2014-07-06,81
2014-07-07,121
2014-07-08,144
2014-07-09,49
2014-07-10,36
2014-07-11,16
2014-07-12,16
2014-07-13,36
2014-07-14,64
2014-07-15,64
2014-07-16,64
2014-07-17,25
2014-07-18,16
2014-07-19,64
2014-07-20,4
2014-07-21,16
2014-07-22,1
2014-07-23,9
2014-07-24,4
2014-07-25,16
2014-07-26,4
2014-07-27,81
2014-07-28,64
2014-07-29,64
2014-07-30,25
2014-07-31,100
2014-08-01,1
2014-08-02,25
2014-08-03,25
2014-08-04,64
2014-08-05,49
2014-08-06,49
2014-08-07,9
2014-08-08,4
2014-08-09,36
2014-08-11,25
2014-08-12,25
2014-08-13,4
2014-08-14,9
2014-08-15,4
2014-08-16,25
2014-08-17,4
2014-08-18,64
2014-08-19,49
2014-08-20,16
2014-08-21,36
2014-08-22,4
2014-08-23,25
2014-08-24,9
2014-08-25,25
2014-08-26,64
2014-08-27,36
2014-08-28,25
2014-08-29,1
2014-08-30,144
2014-08-31,9
2014-09-02,169
2014-09-03,64
2014-09-04,16
2014-09-05,4
2014-09-06,256
2014-09-07,9
2014-09-08,49
2014-09-09,4
2014-09-10,1
2014-09-11,36
2014-09-12,25
2014-09-13,49
2014-09-15,121
2014-09-16,225
2014-09-17,36
2014-09-18,64
2014-09-19,16
2014-09-20,49
2014-09-21,1
2014-09-22,81
2014-09-23,64
2014-09-24,9
2014-09-25,1
2014-09-26,16
2014-09-27,196
2014-09-28,25
2014-09-29,9
2014-09-30,1
2014-10-01,25
2014-10-02,36
2014-10-03,1
2014-10-04,49
2014-10-05,16
2014-10-06,49
2014-10-07,25
2014-10-08,9
2014-10-09,81
2014-10-10,4
2014-10-11,64
2014-10-12,4
2014-10-13,16
2014-10-14,144
2014-10-15,81
2014-10-16,25
2014-10-17,49
2014-10-18,81
2014-10-19,36
2014-10-20,225
2014-10-21,100
2014-10-22,64
2014-10-23,36
2014-10-25,36
2014-10-26,4
2014-10-27,64
2014-10-28,49
2014-10-29,9
2014-10-30,25
2014-10-31,16
2014-11-01,49
2014-11-02,4
2014-11-03,169
2014-11-04,25
2014-11-05,4
2014-11-06,9
2014-11-07,4
2014-11-08,36
2014-11-09,16
2014-11-10,81
2014-11-12,144
2014-11-13,121
2014-11-14,16
2014-11-15,121
2014-11-16,25
2014-11-17,100
2014-11-18,64
2014-11-19,16
2014-11-20,49
2014-11-21,64
2014-11-22,25
2014-11-23,9
2014-11-24,100
2014-11-25,196
2014-11-26,36
2014-11-28,4
2014-11-29,36
2014-11-30,16
2014-12-01,81
2014-12-02,1
2014-12-03,121
2014-12-04,64
2014-12-05,9
2014-12-06,121
2014-12-07,36
2014-12-08,144
2014-12-09,49
2014-12-10,9
2014-12-11,64
2014-12-12,4
2014-12-13,121
2014-12-14,25
2014-12-15,81
2014-12-16,81
2014-12-17,81
2014-12-18,25
2014-12-19,36
2014-12-20,256
2014-12-21,16
2014-12-22,169
2014-12-23,144
2014-12-26,100
2014-12-27,49
2014-12-28,9
2014-12-29,36
2014-12-30,64
2014-12-31,64
2015-01-02,81
2015-01-03,16
2015-01-04,49
2015-01-05,64
2015-01-06,64
2015-01-07,121
2015-01-08,64
2015-01-09,16
2015-01-10,100
2015-01-11,36
2015-01-12,49
2015-01-13,100
2015-01-14,81
2015-01-15,25
2015-01-16,36
2015-01-17,81
2015-01-18,1
2015-01-20,100
2015-01-21,1
2015-01-22,36
2015-01-23,9
2015-01-24,25
2015-01-25,25
2015-01-26,25
2015-01-27,25
2015-01-28,9
2015-01-29,49
2015-01-30,9
2015-01-31,121
2015-02-01,4
2015-02-02,64
2015-02-03,36
2015-02-04,64
2015-02-05,9
2015-02-06,4
2015-02-07,36
2015-02-08,49
2015-02-09,225
2015-02-10,64
2015-02-11,81
2015-02-12,25
2015-02-13,9
2015-02-14,64
2015-02-15,16
2015-02-17,144
2015-02-18,1
2015-02-19,36
2015-02-20,25
2015-02-21,64
2015-02-22,9
2015-02-23,9
2015-02-24,16
2015-02-25,36
2015-02-26,36
2015-02-27,25
2015-02-28,100
2015-03-01,16
2015-03-02,49
2015-03-03,16
2015-03-04,36
2015-03-05,9
2015-03-06,36
2015-03-07,9
2015-03-08,16
2015-03-09,25
2015-03-10,49
2015-03-11,4
2015-03-12,16
2015-03-13,4
2015-03-14,9
2015-03-15,25
2015-03-16,64
2015-03-17,64
2015-03-18,36
2015-03-19,100
2015-03-20,9
2015-03-21,144
2015-03-22,16
2015-03-23,25
2015-03-24,9
2015-03-25,16
2015-03-26,36
2015-03-27,9
2015-03-28,9
2015-03-29,49
2015-03-30,16
2015-03-31,4
2015-04-01,4
2015-04-02,64
2015-04-03,4
2015-04-04,16
2015-04-05,9
2015-04-06,49
2015-04-07,64
2015-04-08,36
2015-04-09,25
2015-04-10,1
2015-04-11,144
2015-04-13,25
2015-04-14,25
2015-04-15,9
2015-04-16,9
2015-04-17,1
2015-04-18,36
2015-04-19,9
2015-04-20,49
2015-04-21,64
2015-04-22,16
2015-04-23,16
2015-04-24,1
2015-04-25,64
2015-04-26,4
2015-04-27,36
2015-04-28,16
2015-04-29,1
2015-04-30,25
2015-05-01,9
2015-05-02,25
2015-05-03,25
2015-05-04,64
2015-05-05,9
2015-05-06,9
2015-05-07,4
2015-05-08,4
2015-05-09,9
2015-05-10,25
2015-05-11,81
2015-05-12,4
2015-05-13,49
2015-05-14,49
2015-05-15,9
2015-05-16,49
2015-05-17,1
2015-05-18,16
2015-05-19,4
2015-05-20,36
2015-05-21,16
2015-05-22,25
2015-05-23,16
2015-05-24,9
2015-05-26,81
2015-05-27,25
2015-05-28,25
2015-05-29,1
2015-05-31,1
2015-06-01,81
2015-06-02,4
2015-06-03,9
2015-06-04,16
2015-06-05,36
2015-06-06,64
2015-06-07,1
2015-06-08,16
2015-06-09,25
2015-06-10,49
2015-06-11,25
2015-06-12,36
2015-06-13,4
2015-06-14,4
2015-06-15,64
2015-06-16,36
2015-06-17,4
2015-06-18,16
2015-06-19,9
2015-06-21,9
2015-06-22,9
2015-06-23,25
2015-06-24,4
2015-06-25,25
2015-06-26,25
2015-06-27,9
2015-06-28,16
2015-06-29,36
2015-06-30,1
2015-07-01,25
2015-07-02,25
2015-07-03,9
2015-07-05,4
2015-07-07,81
2015-07-08,25
2015-07-09,25
2015-07-10,1
2015-07-11,36
2015-07-12,25
2015-07-13,9
2015-07-14,81
2015-07-15,81
2015-07-16,36
2015-07-17,1
2015-07-18,25
2015-07-19,16
2015-07-20,36
2015-07-21,9
2015-07-22,64
2015-07-23,9
2015-07-24,1
2015-07-25,1
2015-07-26,1
2015-07-27,121
2015-07-28,16
2015-07-29,49
2015-07-30,9
2015-07-31,16
2015-08-01,36
2015-08-02,25
2015-08-03,144
2015-08-04,36
2015-08-05,36
2015-08-06,4
2015-08-07,9
2015-08-08,81
2015-08-09,25
2015-08-10,9
2015-08-11,25
2015-08-12,4
2015-08-13,36
2015-08-14,4
2015-08-15,36
2015-08-16,1
2015-08-17,121
2015-08-18,144
2015-08-19,64
2015-08-20,9
2015-08-21,1
2015-08-22,64
2015-08-23,1
2015-08-24,49
2015-08-25,1
2015-08-26,49
2015-08-27,16
2015-08-28,25
2015-08-29,1
2015-08-30,16
2015-08-31,25
2015-09-01,25
2015-09-02,49
2015-09-03,25
2015-09-04,25
2015-09-05,16
2015-09-06,1
2015-09-08,16
2015-09-09,196
2015-09-10,25
2015-09-11,4
2015-09-12,4
2015-09-13,1
2015-09-14,16
2015-09-15,36
2015-09-16,16
2015-09-17,9
2015-09-18,4
2015-09-19,36
2015-09-20,4
2015-09-21,36
2015-09-22,36
2015-09-23,4
2015-09-24,36
2015-09-25,64
2015-09-26,169
2015-09-27,25
2015-09-28,16
2015-09-29,64
2015-09-30,4
2015-10-01,100
2015-10-02,64
2015-10-03,16
2015-10-04,9
2015-10-05,16
2015-10-06,4
2015-10-07,49
2015-10-08,49
2015-10-09,25
2015-10-10,25
2015-10-11,25
2015-10-12,36
2015-10-13,25
2015-10-14,49
2015-10-15,64
2015-10-16,36
2015-10-17,36
2015-10-18,9
2015-10-19,64
2015-10-20,169
2015-10-21,4
2015-10-22,16
2015-10-23,16
2015-10-24,121
2015-10-26,16
2015-10-27,100
2015-10-28,36
2015-10-29,81
2015-10-30,1
2015-10-31,9
2015-11-01,9
2015-11-02,121
2015-11-03,121
2015-11-04,4
2015-11-05,64
2015-11-06,4
2015-11-07,1
2015-11-08,36
2015-11-09,16
2015-11-10,64
2015-11-12,49
2015-11-13,9
2015-11-14,49
2015-11-15,16
2015-11-16,49
2015-11-17,1
2015-11-18,100
2015-11-19,36
2015-11-20,36
2015-11-21,9
2015-11-22,25
2015-11-23,4
2015-11-24,81
2015-11-25,144
2015-11-27,9
2015-11-28,64
2015-11-29,25
2015-11-30,225
2015-12-01,64
2015-12-02,36
2015-12-03,4
2015-12-04,16
2015-12-05,36
2015-12-07,81
2015-12-08,49
2015-12-09,49
2015-12-10,4
2015-12-11,36
2015-12-12,121
2015-12-14,36
2015-12-15,361
2015-12-16,121
2015-12-17,49
2015-12-18,25
2015-12-19,169
2015-12-20,121
2015-12-21,36
2015-12-22,225
2015-12-23,25
2015-12-26,64
2015-12-27,9
2015-12-28,36
2015-12-29,100
2015-12-30,4
2015-12-31,81
2016-01-02,441
2016-01-03,16
2016-01-04,100
2016-01-05,16
2016-01-06,64
2016-01-07,64
2016-01-08,9
2016-01-09,64
2016-01-10,36
2016-01-11,49
2016-01-12,64
2016-01-13,49
2016-01-14,64
2016-01-15,25
2016-01-16,169
2016-01-17,16
2016-01-19,196
2016-01-20,16
2016-01-21,36
2016-01-22,64
2016-01-23,169
2016-01-25,81
2016-01-26,121
2016-01-27,16
2016-01-28,25
2016-01-29,36
2016-01-30,36
2016-01-31,16
2016-02-01,49
2016-02-02,16
2016-02-03,1
2016-02-04,25
2016-02-05,9
2016-02-06,25
2016-02-07,64
2016-02-08,16
2016-02-09,25
2016-02-10,49
2016-02-11,100
2016-02-12,64
2016-02-13,121
2016-02-14,9
2016-02-16,64
2016-02-17,36
2016-02-18,49
2016-02-19,25
2016-02-20,121
2016-02-21,25
2016-02-22,49
2016-02-23,9
2016-02-24,100
2016-02-25,36
2016-02-26,16
2016-02-27,49
2016-02-28,9
2016-02-29,49
2016-03-01,16
2016-03-02,36
2016-03-03,4
2016-03-04,16
2016-03-05,9
2016-03-06,4
2016-03-07,121
2016-03-08,9
2016-03-09,16
2016-03-10,25
2016-03-11,9
2016-03-12,9
2016-03-13,1
2016-03-14,25
2016-03-15,64
2016-03-16,25
2016-03-17,1
2016-03-18,9
2016-03-20,1
2016-03-21,49
2016-03-22,9
2016-03-23,49
2016-03-24,16
2016-03-25,36
2016-03-26,25
2016-03-27,16
2016-03-28,49
2016-03-29,25
2016-03-30,9
2016-03-31,25
2016-04-01,9
2016-04-02,9
2016-04-03,1
2016-04-04,49
2016-04-05,36
2016-04-06,16
2016-04-07,4
2016-04-08,16
2016-04-09,64
2016-04-10,4
2016-04-11,36
2016-04-12,64
2016-04-13,16
2016-04-14,9
2016-04-15,9
2016-04-16,9
2016-04-17,4
2016-04-18,1
2016-04-19,49
2016-04-20,49
2016-04-21,9
2016-04-22,9
2016-04-23,4
2016-04-24,9
2016-04-25,36
2016-04-26,36
2016-04-27,36
2016-04-28,9
2016-04-29,16
2016-04-30,9
2016-05-01,4
2016-05-02,25
2016-05-03,49
2016-05-04,100
2016-05-05,49
2016-05-06,16
2016-05-07,4
2016-05-08,9
2016-05-09,4
2016-05-10,9
2016-05-11,16
2016-05-12,9
2016-05-13,1
2016-05-14,9
2016-05-15,4
2016-05-16,81
2016-05-17,25
2016-05-18,49
2016-05-19,9
2016-05-20,49
2016-05-21,4
2016-05-22,1
2016-05-23,25
2016-05-24,36
2016-05-25,16
2016-05-26,49
2016-05-27,16
2016-05-28,4
2016-05-29,9
2016-05-31,81
2016-06-01,36
2016-06-02,4
2016-06-03,1
2016-06-04,9
2016-06-05,1
2016-06-06,4
2016-06-07,9
2016-06-08,25
2016-06-09,25
2016-06-10,4
2016-06-11,9
2016-06-12,25
2016-06-13,16
2016-06-14,25
2016-06-15,16
2016-06-16,1
2016-06-17,1
2016-06-18,25
2016-06-19,1
2016-06-20,1
2016-06-21,64
2016-06-22,16
2016-06-23,9
2016-06-24,9
2016-06-25,25
2016-06-26,1
2016-06-27,9
2016-06-28,9
2016-06-29,9
2016-06-30,49
2016-07-01,9
2016-07-02,36
2016-07-03,4
2016-07-05,16
2016-07-06,49
2016-07-07,16
2016-07-08,4
2016-07-09,64
2016-07-10,4
2016-07-11,36
2016-07-12,4
2016-07-13,36
2016-07-14,36
2016-07-15,36
2016-07-16,49
2016-07-17,9
2016-07-18,25
2016-07-19,16
2016-07-20,9
2016-07-21,4
2016-07-22,1
2016-07-23,16
2016-07-24,16
2016-07-25,100
2016-07-26,64
2016-07-27,16
2016-07-28,25
2016-07-29,25
2016-07-30,9
2016-07-31,9
2016-08-01,16
2016-08-02,16
2016-08-03,1
2016-08-04,36
2016-08-05,9
2016-08-06,25
2016-08-07,4
2016-08-08,36
2016-08-09,9
2016-08-10,25
2016-08-11,9
2016-08-12,9
2016-08-14,25
2016-08-15,9
2016-08-16,9
2016-08-17,16
2016-08-18,1
2016-08-19,36
2016-08-20,49
2016-08-22,16
2016-08-23,4
2016-08-24,36
2016-08-25,16
2016-08-26,9
2016-08-27,25
2016-08-28,16
2016-08-29,16
2016-08-30,4
2016-08-31,36
2016-09-01,16
2016-09-02,4
2016-09-03,16
2016-09-04,4
2016-09-06,64
2016-09-07,49
2016-09-08,25
2016-09-09,25
2016-09-10,4
2016-09-11,9
2016-09-12,49
2016-09-13,1
2016-09-14,81
2016-09-15,36
2016-09-16,25
2016-09-17,16
2016-09-18,1
2016-09-19,49
2016-09-20,81
2016-09-21,64
2016-09-22,36
2016-09-24,25
2016-09-25,1
2016-09-26,144
2016-09-27,16
2016-09-28,9
2016-09-29,25
2016-09-30,9
2016-10-01,25
2016-10-02,49
2016-10-03,36
2016-10-04,49
2016-10-05,9
2016-10-06,16
2016-10-07,16
2016-10-08,16
2016-10-09,4
2016-10-10,81
2016-10-11,16
2016-10-12,16
2016-10-13,9
2016-10-14,4
2016-10-15,9
2016-10-16,36
2016-10-17,49
2016-10-18,25
2016-10-19,9
2016-10-20,25
2016-10-21,4
2016-10-22,25
2016-10-23,4
2016-10-24,36
2016-10-25,16
2016-10-26,9
2016-10-27,100
2016-10-28,1
2016-10-29,49
2016-10-30,1
2016-10-31,16
2016-11-01,9
2016-11-02,4
2016-11-03,25
2016-11-04,25
2016-11-05,25
2016-11-07,16
2016-11-08,4
2016-11-09,9
2016-11-10,9
2016-11-12,25
2016-11-13,36
2016-11-14,9
2016-11-15,81
2016-11-16,4
2016-11-17,36
2016-11-18,4
2016-11-19,49
2016-11-20,36
2016-11-21,16
2016-11-22,16
2016-11-23,16
2016-11-25,16
2016-11-26,64
2016-11-27,16
2016-11-28,64
2016-11-29,9
2016-11-30,169
2016-12-01,36
2016-12-02,16
2016-12-03,25
2016-12-04,81
2016-12-05,196
2016-12-06,36
2016-12-07,100
2016-12-08,9
2016-12-09,9
2016-12-10,25
2016-12-11,9
2016-12-12,81
2016-12-13,64
2016-12-14,16
2016-12-15,49
2016-12-16,9
2016-12-17,25
2016-12-18,9
2016-12-19,36
2016-12-20,64
2016-12-21,36
2016-12-22,64
2016-12-23,64
2016-12-26,196
2016-12-27,36
2016-12-28,49
2016-12-29,36
2016-12-30,36
2016-12-31,9
2017-01-02,121
2017-01-03,25
2017-01-04,81
2017-01-05,49
2017-01-06,16
2017-01-07,36
2017-01-08,9
2017-01-09,144
2017-01-10,4
2017-01-11,25
2017-01-12,64
2017-01-13,9
2017-01-14,144
2017-01-15,16
2017-01-17,9
2017-01-18,25
2017-01-19,9
2017-01-20,16
2017-01-21,64
2017-01-22,25
2017-01-23,121
2017-01-24,9
2017-01-25,16
2017-01-26,4
2017-01-27,4
2017-01-28,49
2017-01-29,25
2017-01-30,49
2017-01-31,49
2017-02-01,49
2017-02-02,36
2017-02-03,9
2017-02-04,49
2017-02-05,1
2017-02-06,1
2017-02-07,64
2017-02-08,49
2017-02-09,16
2017-02-10,25
2017-02-21,121
2017-02-22,81
2017-02-23,25
2017-02-24,100
2017-02-25,81
2017-02-26,16
2017-02-27,64
2017-02-28,49
2017-03-01,100
2017-03-02,1
2017-03-04,25
2017-03-06,16
2017-03-07,36
2017-03-08,81
2017-03-09,16
2017-03-10,9
2017-03-11,36
2017-03-12,1
2017-03-13,25
2017-03-14,9
2017-03-15,49
2017-03-16,36
2017-03-17,49
2017-03-18,25
2017-03-20,36
2017-03-21,16
2017-03-23,9
2017-03-24,16
2017-03-25,64
2017-03-26,1
2017-03-27,4
2017-03-28,9
2017-03-30,16
2017-03-31,64
2017-04-01,144
2017-04-02,25
2017-04-04,9
2017-04-05,16
2017-04-06,36
2017-04-07,9
2017-04-08,16
2017-04-09,9
2017-04-10,49
2017-04-11,36
2017-04-12,9
2017-04-13,4
2017-04-14,9
2017-04-15,36
2017-04-16,1
2017-04-17,64
2017-04-18,16
2017-04-19,9
2017-04-20,9
2017-04-21,4
2017-04-22,36
2017-04-23,1
2017-04-24,36
2017-04-25,49
2017-04-26,49
2017-04-27,36
2017-04-28,9
2017-04-29,25
2017-04-30,4
2017-05-01,36
2017-05-02,16
2017-05-03,25
2017-05-04,4
2017-05-05,36
2017-05-06,25
2017-05-07,1
2017-05-08,16
2017-05-09,16
2017-05-10,25
2017-05-11,16
2017-05-12,25
2017-05-13,9
2017-05-14,4
2017-05-15,64
2017-05-16,16
2017-05-17,49
2017-05-18,1
2017-05-19,1
2017-05-20,16
2017-05-21,1
2017-05-22,16
2017-05-23,25
2017-05-24,36
2017-05-25,49
2017-05-26,1
2017-05-27,4
2017-05-28,1
2017-05-30,36
2017-05-31,1
2017-06-01,1
2017-06-02,16
2017-06-03,1
2017-06-04,9
2017-06-05,100
2017-06-06,4
2017-06-07,4
2017-06-08,16
2017-06-09,25
2017-06-10,16
2017-06-11,4
2017-06-12,4
2017-06-13,16
2017-06-14,9
2017-06-15,9
2017-06-16,9
2017-06-17,1
2017-06-19,4
2017-06-20,4
2017-06-21,1
2017-06-22,25
2017-06-23,9
2017-06-24,9
2017-06-25,1
2017-06-26,25
2017-06-28,49
2017-06-29,4
2017-06-30,4
2017-07-01,9
2017-07-02,1
2017-07-03,25
2017-07-05,81
2017-07-06,1
2017-07-07,16
2017-07-08,64
2017-07-10,25
2017-07-11,25
2017-07-12,25
2017-07-13,16
2017-07-14,4
2017-07-15,4
2017-07-17,25
2017-07-18,25
2017-07-19,4
2017-07-20,9
2017-07-21,1
2017-07-22,81
2017-07-23,36
2017-07-24,1
2017-07-25,9
2017-07-26,25
2017-07-27,49
2017-07-28,1
2017-07-29,9
2017-07-30,9
2017-07-31,25
2017-08-01,9
2017-08-02,16
2017-08-03,1
2017-08-05,9
2017-08-07,36
2017-08-08,16
2017-08-09,16
2017-08-10,16
2017-08-11,9
2017-08-12,4
2017-08-14,9
2017-08-15,25
2017-08-16,25
2017-08-17,1
2017-08-19,36
2017-08-21,81
2017-08-22,64
2017-08-23,4
2017-08-24,36
2017-08-25,25
2017-08-26,16
2017-08-27,4
2017-08-28,49
2017-08-29,9
2017-08-30,16
2017-08-31,16
2017-09-01,1
2017-09-02,1
2017-09-05,36
2017-09-06,4
2017-09-07,16
2017-09-08,4
2017-09-09,25
2017-09-10,4
2017-09-11,64
2017-09-12,9
2017-09-13,4
2017-09-14,49
2017-09-15,9
2017-09-16,25
2017-09-17,1
2017-09-18,1
2017-09-19,4
2017-09-20,4
2017-09-21,16
2017-09-22,1
2017-09-23,81
2017-09-24,4
2017-09-25,64
2017-09-26,4
2017-09-27,9
2017-09-28,9
2017-09-29,1
2017-09-30,9
2017-10-01,9
2017-10-02,4
2017-10-03,25
2017-10-04,16
2017-10-05,4
2017-10-06,16
2017-10-07,25
2017-10-08,1
2017-10-09,64
2017-10-11,9
2017-10-12,16
2017-10-14,16
2017-10-15,1
2017-10-16,25
2017-10-17,16
2017-10-18,9
2017-10-19,16
2017-10-20,1
2017-10-21,64
2017-10-22,16
2017-10-23,81
2017-10-24,25
2017-10-25,16
2017-10-26,9
2017-10-27,1
2017-10-28,36
2017-10-30,16
2017-10-31,16
2017-11-02,36
2017-11-03,9
2017-11-04,4
2017-11-05,16
2017-11-06,36
2017-11-07,9
2017-11-08,1
2017-11-09,4
2017-11-10,1
2017-11-12,49
2017-11-13,16
2017-11-14,25
2017-11-15,16
2017-11-16,16
2017-11-17,4
2017-11-18,25
2017-11-19,9
2017-11-20,36
2017-11-21,49
2017-11-22,16
2017-11-24,9
2017-11-25,16
2017-11-26,9
2017-11-27,49
2017-11-28,16
2017-11-29,16
2017-11-30,16
2017-12-01,81
2017-12-02,9
2017-12-03,25
2017-12-05,36
2017-12-06,16
2017-12-08,4
2017-12-09,121
2017-12-12,4
2017-12-13,1
2017-12-14,49
2017-12-15,49
2017-12-16,36
2017-12-17,16
2017-12-18,4
2017-12-19,49
2017-12-20,36
2017-12-21,9
2017-12-22,4
2017-12-23,25
2017-12-26,81
2017-12-27,64
2017-12-28,36
2017-12-29,9
2017-12-30,64
2017-12-31,25
2018-03-21,4
2018-03-22,9
2018-03-23,1
2018-03-24,9
2018-03-25,4
2018-03-26,9
2018-03-27,49
2018-03-29,25
2018-03-30,9
2018-03-31,9
2018-04-02,81
2018-04-03,4
2018-04-04,16
2018-04-06,9
2018-04-07,36
2018-04-08,1
2018-04-09,4
2018-04-10,49
2018-04-11,16
2018-04-12,16
2018-04-14,25
2018-04-15,9
2018-04-16,1
2018-04-17,36
2018-04-18,9
2018-04-19,16
2018-04-21,9
2018-04-22,9
2018-04-23,64
2018-04-24,25
2018-04-25,4
2018-04-26,9
2018-04-27,16
2018-04-28,4
2018-04-29,4
2018-04-30,16
2018-05-01,25
2018-05-02,16
2018-05-03,25
2018-05-04,9
2018-05-05,64
2018-05-07,25
2018-05-08,25
2018-05-09,49
2018-05-10,9
2018-05-11,36
2018-05-12,36
2018-05-13,4
2018-05-14,9
2018-05-15,9
2018-05-16,16
2018-05-17,1
2018-05-18,9
2018-05-19,4
2018-05-20,4
2018-05-21,9
2018-05-22,25
2018-05-23,4
2018-05-24,1
2018-05-26,9
2018-05-29,100
2018-05-30,9
2018-05-31,9
2018-06-01,1
2018-06-02,1
2018-06-03,1
2018-06-04,4
2018-06-05,4
2018-06-06,1
2018-06-07,25
2018-06-08,1
2018-06-09,1
2018-06-10,4
2018-06-11,4
2018-06-12,9
2018-06-13,9
2018-06-14,4
2018-06-15,25
2018-06-16,49
2018-06-17,4
2018-06-18,9
2018-06-19,9
2018-06-20,4
2018-06-21,4
2018-06-22,9
2018-06-24,4
2018-06-25,4
2018-06-26,9
2018-06-27,4
2018-06-28,1
2018-06-29,1
2018-07-01,1
2018-07-02,16
2018-07-03,1
2018-07-05,36
2018-07-06,4
2018-07-07,4
2018-07-09,16
2018-07-10,4
2018-07-11,1
2018-07-12,1
2018-07-13,4
2018-07-14,16
2018-07-15,9
2018-07-16,4
2018-07-17,1
2018-07-19,1
2018-07-20,16
2018-07-21,36
2018-07-22,4
2018-07-23,25
2018-07-24,25
2018-07-25,4
2018-07-26,16
2018-07-27,49
2018-07-28,36
2018-07-29,1
2018-07-30,9
2018-07-31,169
2018-08-01,9
2018-08-02,1
2018-08-03,9
2018-08-04,4
2018-08-05,9
2018-08-06,4
2018-08-07,1
2018-08-08,4
2018-08-09,1
2018-08-10,1
2018-08-11,49
2018-08-12,1
2018-08-13,1
2018-08-14,9
2018-08-15,16
2018-08-16,36
2018-08-17,4
2018-08-18,16
2018-08-19,9
2018-08-20,9
2018-09-24,81
2018-09-25,9
2018-09-26,9
2018-09-27,4
2018-09-28,1
2018-09-29,1
2018-09-30,4
2018-10-01,4
2018-10-02,4
2018-10-03,1
2018-10-04,4
2018-10-05,4
2018-10-06,1
2018-10-07,25
2018-10-08,1
2018-10-09,36
2018-10-11,9
2018-10-12,9
2018-10-13,4
2018-10-14,1
2018-10-15,1
2018-10-16,1
2018-10-17,25
2018-10-18,16
2018-10-19,1
2018-10-20,4
2018-10-21,1
2018-10-22,4
2018-10-23,9
2018-10-24,9
2018-10-25,1
2018-10-26,4
2018-10-27,4
2018-10-28,16
2018-10-29,9
2018-10-30,4
2018-10-31,9
2018-11-01,25
2018-11-02,1
2018-11-03,16
2018-11-06,1
2018-11-07,36
2018-11-08,25
2018-11-09,9
2018-11-10,16
2018-11-12,1
2018-11-13,9
2018-11-14,16
2018-11-15,9
2018-11-16,1
2018-11-17,25
2018-11-18,1
2018-11-19,25
2018-11-20,25
2018-11-21,9
2018-11-23,4
2018-11-24,9
2018-11-25,16
2018-11-26,36
2018-11-27,16
2018-11-28,36
2018-11-29,25
2018-11-30,9
2018-12-01,81
2018-12-02,4
2018-12-03,49
2018-12-04,16
2018-12-05,1
2018-12-06,4
2018-12-07,1
2018-12-08,4
2018-12-09,1
2018-12-10,4
2018-12-11,9
2018-12-12,9
2018-12-13,25
2018-12-14,9
2018-12-15,9
2018-12-16,1
2018-12-17,25
2018-12-18,25
2018-12-19,16
2018-12-20,4
2018-12-21,16
2018-12-22,16
2018-12-23,36
2018-12-26,64
2018-12-27,25
2018-12-28,1
2018-12-29,9
2018-12-30,16
2018-12-31,64
2019-01-02,25
2019-01-03,49
2019-01-04,4
2019-01-05,25
2019-01-06,1
2019-01-07,16
2019-01-08,25
2019-01-09,25
2019-01-10,25
2019-01-11,9
2019-01-12,36
2019-01-13,4
2019-01-14,25
2019-01-15,49
2019-01-16,25
2019-01-17,36
2019-01-18,9
2019-01-19,25
2019-01-20,4
2019-01-22,36
2019-01-23,25
2019-01-24,36
2019-01-25,4
2019-01-26,100
2019-01-27,1
2019-01-28,4
2019-01-29,49
2019-01-30,16
2019-01-31,4
2019-02-01,25
2019-02-02,9
2019-02-03,16
2019-02-04,4
2019-02-05,4
2019-02-06,16
2019-02-07,4
2019-02-08,1
2019-02-13,49
2019-02-14,9
2019-02-15,9
2019-02-16,9
2019-02-17,16
2019-02-19,64
2019-02-20,9
2019-02-21,49
2019-02-22,25
2019-02-23,81
2019-02-24,1
2019-02-25,25
2019-02-26,1
2019-02-27,16
2019-02-28,16
2019-03-01,9
2019-03-02,36
2019-03-03,4
2019-03-04,4
2019-03-05,4
2019-03-06,1
2019-03-07,1
2019-03-08,1
2019-03-09,36
2019-03-10,1
2019-03-11,9
2019-03-12,36
2019-03-13,9
2019-03-14,9
2019-03-15,49
2019-03-16,16
2019-03-17,4
2019-03-18,16
2019-03-20,36
2019-03-21,49
2019-03-22,49
2019-03-23,1
2019-03-25,64
2019-03-26,9
2019-03-28,25
2019-03-29,25
2019-03-30,16
2019-03-31,1
2019-04-01,36
2019-04-02,9
2019-04-03,4
2019-04-04,1
2019-04-05,4
2019-04-06,25
2019-04-08,9
2019-04-09,16
2019-04-10,9
2019-04-11,4
2019-04-13,9
2019-04-14,1
2019-04-15,1
2019-04-17,1
2019-04-18,25
2019-04-19,9
2019-04-20,4
2019-04-21,1
2019-04-22,9
2019-04-23,4
2019-04-24,1
2019-04-25,16
2019-04-26,4
2019-04-27,36
2019-04-29,4
2019-04-30,4
2019-05-01,9
2019-05-02,4
2019-05-03,4
2019-05-04,4
2019-05-05,4
2019-05-06,4
2019-05-08,9
2019-05-09,1
2019-05-10,25
2019-05-11,1
2019-05-12,1
2019-05-13,1
2019-05-14,4
2019-05-15,9
2019-05-16,25
2019-05-17,9
2019-05-18,16
2019-05-20,9
2019-05-21,9
2019-05-22,4
2019-05-23,64
2019-05-24,1
2019-05-25,16
2019-05-26,4
2019-05-28,4
2019-05-29,9
2019-05-30,16
2019-05-31,9
2019-06-01,36
2019-06-02,1
2019-06-03,9
2019-06-04,9
2019-06-05,25
2019-06-06,4
2019-06-07,4
2019-06-08,16
2019-06-09,1
2019-06-10,4
2019-06-11,49
2019-06-12,16
2019-06-13,1
2019-06-15,4
2019-06-17,16
2019-06-18,9
2019-06-19,4
2019-06-20,4
2019-06-21,9
2019-06-22,1
2019-06-23,16
2019-06-24,16
2019-06-25,4
2019-06-26,16
2019-06-27,16
2019-06-28,9
2019-06-29,9
2019-06-30,1
2019-07-01,4
2019-07-02,9
2019-07-03,4
2019-07-05,1
2019-07-06,9
2019-07-08,9
2019-07-09,4
2019-07-10,16
2019-07-11,9
2019-07-12,4
2019-07-13,1
2019-07-15,1
2019-07-16,9
2019-07-17,4
2019-07-18,1
2019-07-19,4
2019-07-20,9
2019-07-21,4
2019-07-22,4
2019-07-23,4
2019-07-24,25
2019-07-25,1
2019-07-26,1
2019-07-27,4
2019-07-29,100
2019-07-30,1
2019-07-31,9
2019-08-01,36
2019-08-03,16
2019-08-04,36
2019-08-05,49
2019-08-06,25
2019-08-07,1
2019-08-08,1
2019-08-09,1
2019-08-10,9
2019-08-11,1
2019-08-12,4
2019-08-13,25
2019-08-14,4
2019-08-15,4
2019-08-16,4
2019-08-17,16
2019-08-19,16
2019-08-20,1
2019-08-21,9
2019-08-22,36
2019-08-23,4
2019-08-24,16
2019-08-25,1
2019-08-26,9
2019-08-27,1
2019-08-28,16
2019-08-29,9
2019-08-30,4
2019-08-31,16
2019-09-01,1
2019-09-03,36
2019-09-04,16
2019-09-05,4
2019-09-06,4
2019-09-07,16
2019-09-08,16
2019-09-09,9
2019-09-10,16
2019-09-11,36
2019-09-12,1
2019-09-13,25
2019-09-15,4
2019-09-16,4
2019-09-17,9
2019-09-18,25
2019-09-20,1
2019-09-21,49
2019-09-22,1
2019-09-23,9
2019-09-24,9
2019-09-25,1
2019-09-26,16
2019-09-28,64
2019-09-29,9
2019-09-30,16
2019-10-01,16
2019-10-02,4
2019-10-03,4
2019-10-04,4
2019-10-05,25
2019-10-06,1
2019-10-07,25
2019-10-08,4
2019-10-09,36
2019-10-10,36
2019-10-11,9
2019-10-12,9
2019-10-13,9
2019-10-14,16
2019-10-15,4
2019-10-16,4
2019-10-17,9
2019-10-18,9
2019-10-19,9
2019-10-20,16
2019-10-21,49
2019-10-22,4
2019-10-23,25
2019-10-24,1
2019-10-25,16
2019-10-26,36
2019-10-27,16
2019-10-28,36
2019-10-29,9
2019-10-30,9
2019-10-31,25
2019-11-01,4
2019-11-02,4
2019-11-03,1
2019-11-04,36
2019-11-06,36
2019-11-07,16
2019-11-08,25
2019-11-09,25
2019-11-10,1
2019-11-12,64
2019-11-13,25
2019-11-14,1
2019-11-15,9
2019-11-16,16
2019-11-17,4
2019-11-18,49
2019-11-19,4
2019-11-20,9
2019-11-21,9
2019-11-22,4
2019-11-23,16
2019-11-25,16
2019-11-26,9
2019-11-27,9
2019-11-29,16
2019-11-30,25
2019-12-01,16
2019-12-02,25
2019-12-03,1
2019-12-04,25
2019-12-05,9
2019-12-06,16
2019-12-07,4
2019-12-08,9
2019-12-09,4
2019-12-10,25
2019-12-11,1
2019-12-12,64
2019-12-13,25
2019-12-14,4
2019-12-15,1
2019-12-16,36
2019-12-17,36
2019-12-18,16
2019-12-19,49
2019-12-20,1
2019-12-21,121
2019-12-22,9
2019-12-23,25
2019-12-26,9
2019-12-27,49
2019-12-28,100
2019-12-29,36
2019-12-30,49
2019-12-31,81
2020-01-02,16
2020-01-03,25
2020-01-04,64
2020-01-05,16
2020-01-06,64
2020-01-07,49
2020-01-08,36
2020-01-09,36
2020-01-10,16
2020-01-11,49
2020-01-12,25
2020-01-13,36
2020-01-14,36
2020-01-15,9
2020-01-16,81
2020-01-17,9
2020-01-18,25
2020-01-19,36
2020-01-21,36
2020-01-22,144
2020-01-23,36
2020-01-24,1
2020-01-25,144
2020-01-26,64
2020-01-27,81
2020-01-28,9
2020-01-29,25
2020-01-30,49
2020-01-31,4
2020-02-01,49
2020-02-02,9
2020-02-10,64
2020-02-11,36
2020-02-12,64
2020-02-13,64
2020-02-14,49
2020-02-15,289
2020-02-16,25
2020-02-18,36
2020-02-19,64
2020-02-20,25
2020-02-21,16
2020-02-22,9
2020-02-23,25
2020-02-24,1
2020-02-25,36
2020-02-26,25
2020-02-27,9
2020-02-28,25
2020-02-29,36
2020-03-01,1
2020-03-02,49
2020-03-04,100
2020-03-05,4
2020-03-06,25
2020-03-07,49
2020-03-08,1
2020-03-09,16
2020-03-10,1
2020-03-11,9
2020-03-12,1
2020-03-13,36
2020-06-17,4
2020-07-25,25
2020-07-30,4
2020-08-01,16
2020-08-03,9
2020-08-05,4
2020-08-08,4
2020-08-11,4
2020-08-13,4
2020-08-15,1
2020-08-18,1
2020-08-19,1
2020-08-22,9
2020-08-24,16
2020-08-26,25
2020-09-03,1
2020-09-05,4
2020-09-08,1
2020-09-09,4
2020-09-12,1
2020-09-14,1
2020-09-16,1
2020-09-23,1
2020-09-26,4
2020-09-27,4
2020-09-28,4
2020-09-30,16
2020-10-02,1
2020-10-03,9
2020-10-04,1
2020-10-07,1
2020-10-08,1
2020-10-12,4
2020-10-14,9
2020-10-17,9
2020-10-19,9
2020-10-20,4
2020-10-21,16
2020-10-23,1
2020-10-24,9
2020-10-25,1
2020-10-26,16
2020-10-27,1
2020-10-28,4
2020-10-29,9
2020-10-30,1
2020-10-31,1
2020-11-02,1
2020-11-04,25
2020-11-05,1
2020-11-06,16
2020-11-08,1
2020-11-09,16
2020-11-12,16
2020-11-13,1
2020-11-14,1
2020-11-15,1
2020-11-16,49
2020-11-17,9
2020-11-18,1
2020-11-20,1
2020-11-21,16
2020-11-22,1
2020-11-23,4
2020-11-24,9
2020-11-25,16
2020-11-28,16
2020-11-29,1
2020-12-01,25
2020-12-02,9
2020-12-03,9
2020-12-04,1
2020-12-05,16
2020-12-06,9
2020-12-07,9
2020-12-09,36
2020-12-10,4
2020-12-11,1
2020-12-12,9
2020-12-13,9
2020-12-14,1
2020-12-15,4
2020-12-16,9
2020-12-17,1
2020-12-19,1
2020-12-20,4
2020-12-21,4
2020-12-22,1
2020-12-26,1
2020-12-27,1
2020-12-30,1
2021-01-02,144
2021-01-04,25
2021-01-06,4
2021-01-07,9
2021-01-08,4
2021-01-10,1
2021-01-11,1
2021-01-14,4
2021-01-15,1
2021-01-16,4
2021-01-17,4
2021-01-19,36
2021-01-20,9
2021-01-21,4
2021-01-23,1
2021-01-24,1
2021-01-25,4
2021-01-26,4
2021-01-27,16
2021-01-28,4
2021-01-30,9
2021-02-01,25
2021-02-02,4
2021-02-03,1
2021-02-05,4
2021-02-06,4
2021-02-08,9
2021-02-09,1
2021-02-10,16
2021-02-16,16
2021-02-20,16
2021-02-21,4
2021-02-22,4
2021-02-23,9
2021-02-24,9
2021-02-25,1
2021-02-27,1
2021-02-28,64
2021-03-01,1
2021-03-04,1
2021-03-05,1
2021-03-07,9
2021-03-08,9
2021-03-09,1
2021-03-10,9
2021-03-11,4
2021-03-13,49
2021-03-14,1
2021-03-15,4
2021-03-16,4
2021-03-17,4
2021-03-18,1
2021-03-19,1
2021-03-20,4
2021-03-21,1
2021-03-22,4
2021-03-23,4
2021-03-25,1
2021-03-27,1
2021-03-28,1
2021-03-29,4
2021-03-30,1
2021-04-01,1
2021-04-02,25
2021-04-03,1
2021-04-05,16
2021-04-06,4
2021-04-07,4
2021-04-09,1
2021-04-10,4
2021-04-11,1
2021-04-12,9
2021-04-13,4
2021-04-14,1
2021-04-15,4
2021-04-17,1
2021-04-19,4
2021-04-21,1
2021-04-22,4
2021-04-23,1
2021-04-24,1
2021-04-25,9
2021-04-26,1
2021-04-27,4
2021-04-28,1
2021-04-29,4
2021-04-30,1
2021-05-01,4
2021-05-02,1
2021-05-05,9
2021-05-06,25
2021-05-07,16
2021-05-08,4
2021-05-09,1
2021-05-11,4
2021-05-13,16
2021-05-14,1
2021-05-17,25
2021-05-18,4
2021-05-19,4
2021-05-21,25
2021-05-23,1
2021-05-24,1
2021-05-25,1
2021-05-26,1
2021-05-27,4
2021-05-29,4
2021-05-30,1
2021-06-01,9
2021-06-02,4
2021-06-04,16
2021-06-05,1
2021-06-07,1
2021-06-08,9
2021-06-09,1
2021-06-10,4
2021-06-11,9
2021-06-12,1
2021-06-14,1
2021-06-15,9
2021-06-16,4
2021-06-17,4
2021-06-18,36
2021-06-19,1
2021-06-20,1
2021-06-21,16
2021-06-22,1
2021-06-23,4
2021-06-26,4
2021-06-27,1
2021-06-29,16
2021-06-30,9
2021-07-01,9
2021-07-02,25
2021-07-03,25
2021-07-05,9
2021-07-06,4
2021-07-07,9
2021-07-08,9
2021-07-10,1
2021-07-11,4
2021-07-12,16
2021-07-13,25
2021-07-14,36
2021-07-15,4
2021-07-16,16
2021-07-17,9
2021-07-18,4
2021-07-19,1
2021-07-20,9
2021-07-21,4
2021-07-22,4
2021-07-23,36
2021-07-24,16
2021-07-25,25
2021-07-26,1
2021-07-27,16
2021-07-29,4
2021-07-30,16
2021-07-31,49
2021-08-01,1
2021-08-03,36
2021-08-04,36
2021-08-05,1
2021-08-06,9
2021-08-07,1
2021-08-08,9
2021-08-09,16
2021-08-10,9
2021-08-12,9
2021-08-14,36
2021-08-15,4
2021-08-17,16
2021-08-18,4
2021-08-19,4
2021-08-20,9
2021-08-21,4
2021-08-22,1
2021-08-23,1
2021-08-24,25
2021-08-25,16
2021-08-26,4
2021-08-27,4
2021-08-28,16
2021-08-29,1
2021-08-30,4
2021-08-31,16
2021-09-01,4
2021-09-02,9
2021-09-03,9
2021-09-04,16
2021-09-05,9
2021-09-07,36
2021-09-08,16
2021-09-09,25
2021-09-10,9
2021-09-11,36
2021-09-12,4
2021-09-13,16
2021-09-14,1
2021-09-15,1
2021-09-16,1
2021-09-17,9
2021-09-18,4
2021-09-19,9
2021-09-20,4
2021-09-21,16
2021-09-22,36
2021-09-23,4
2021-09-24,4
2021-09-25,4
2021-09-26,4
2021-09-27,9
2021-09-28,121
2021-09-29,49
2021-09-30,4
2021-10-01,1
2021-10-02,1
2021-10-03,16
2021-10-04,1
2021-10-05,1
2021-10-06,25
2021-10-07,25
2021-10-08,1
2021-10-09,16
2021-10-10,36
2021-10-11,16
2021-10-12,4
2021-10-13,4
2021-10-14,1
2021-10-15,1
2021-10-16,4
2021-10-17,16
2021-10-18,64
2021-10-19,36
2021-10-20,9
2021-10-21,9
2021-10-22,4
2021-10-23,1
2021-10-24,4
2021-10-25,1
2021-10-26,16
2021-10-27,4
2021-10-28,9
2021-10-29,4
2021-10-30,36
2021-10-31,9
2021-11-01,9
2021-11-02,25
2021-11-03,4
2021-11-04,9
2021-11-05,4
2021-11-07,9
2021-11-08,9
2021-11-09,16
2021-11-10,9
2021-11-12,16
2021-11-13,9
2021-11-14,4
2021-11-15,1
2021-11-16,9
2021-11-17,16
2021-11-18,4
2021-11-19,9
2021-11-20,36
2021-11-21,25
2021-11-22,36
2021-11-23,36
2021-11-24,9
2021-11-26,16
2021-11-27,4
2021-11-29,25
2021-11-30,36
2021-12-01,16
2021-12-02,25
2021-12-03,16
2021-12-04,9
2021-12-05,25
2021-12-06,4
2021-12-07,36
2021-12-08,16
2021-12-09,64
2021-12-10,9
2021-12-11,16
2021-12-12,4
2021-12-13,4
2021-12-14,16
2021-12-15,25
2021-12-16,1
2021-12-17,9
2021-12-18,1
2021-12-19,16
2021-12-20,9
2021-12-21,49
2021-12-22,9
2021-12-23,25
2021-12-27,4
2021-12-28,1
2021-12-29,25
2021-12-31,1
2022-01-02,9
2022-01-03,144
2022-01-04,100
2022-01-05,25
2022-01-06,16
2022-01-07,9
2022-01-08,49
2022-01-09,16
2022-01-10,16
2022-01-11,81
2022-01-12,16
2022-01-13,4
2022-01-14,4
2022-01-15,16
2022-01-16,36
2022-01-18,81
2022-01-19,16
2022-01-20,1
2022-01-21,1
2022-01-22,49
2022-01-23,16
2022-01-24,25
2022-01-25,64
2022-01-26,16
2022-01-27,49
2022-01-28,16
2022-01-29,100
2022-01-30,4
2022-01-31,16
2022-02-01,16
2022-02-02,16
2022-02-03,16
2022-02-04,9
2022-02-05,81
2022-02-06,4
2022-02-07,4
2022-02-08,36
2022-02-09,4
2022-02-10,25
2022-02-11,9
2022-02-12,25
2022-02-13,81
2022-02-14,36
2022-02-15,9
2022-02-17,9
2022-02-18,25
2022-02-19,16
2022-02-20,1
2022-02-22,49
2022-02-23,64
2022-02-24,9
2022-02-25,16
2022-02-26,25
2022-02-27,25
2022-03-01,16
2022-03-02,25
2022-03-03,36
2022-03-04,4
2022-03-05,25
2022-03-06,49
2022-03-07,64
2022-03-08,16
2022-03-09,36
2022-03-10,9
2022-03-11,1
2022-03-12,9
2022-03-13,25
2022-03-14,4
2022-03-15,4
2022-03-16,49
2022-03-17,9
2022-03-18,81
2022-03-19,25
2022-03-20,4
2022-03-21,1
2022-03-22,9
2022-03-23,1
2022-03-24,16
2022-03-25,9
2022-03-26,4
2022-03-27,9
2022-03-28,9
2022-03-29,9
2022-03-30,9
2022-03-31,25
2022-04-01,4
2022-04-02,1
2022-04-03,25
2022-04-04,81
2022-04-05,16
2022-04-06,16
2022-04-07,25
2022-04-08,4
2022-04-09,9
2022-04-10,9
2022-04-12,9
2022-04-13,36
2022-04-14,9
2022-04-15,4
2022-04-16,64
2022-04-17,9
2022-04-18,4
2022-04-19,25
2022-04-20,64
2022-04-21,25
2022-04-22,36
2022-04-23,36
2022-04-24,49
2022-04-25,36
2022-04-26,4
2022-04-27,4
2022-04-28,16
2022-04-29,9
2022-04-30,36
2022-05-01,9
2022-05-02,9
2022-05-03,16
2022-05-04,81
2022-05-05,4
2022-05-06,1
2022-05-07,4
2022-05-08,9
2022-05-09,16
2022-05-10,100
2022-05-11,49
2022-05-12,25
2022-05-13,9
2022-05-14,64
2022-05-15,9
2022-05-17,49
2022-05-18,4
2022-05-19,9
2022-05-20,9
2022-05-21,9
2022-05-22,9
2022-05-23,25
2022-05-24,25
2022-05-25,16
2022-05-26,25
2022-05-27,4
2022-05-28,4
2022-05-29,4
2022-05-31,25
2022-06-01,4
2022-06-02,36
2022-06-03,36
2022-06-04,64
2022-06-05,9
2022-06-06,25
2022-06-07,9
2022-06-08,1
2022-06-09,9
2022-06-10,1
2022-06-11,36
2022-06-12,9
2022-06-13,25
2022-06-14,36
2022-06-15,4
2022-06-16,36
2022-06-18,9
2022-06-20,16
2022-06-21,64
2022-06-22,9
2022-06-23,1
2022-06-24,1
2022-06-25,1
2022-06-26,9
2022-06-27,9
2022-06-28,64
2022-06-29,16
2022-06-30,64
2022-07-01,4
2022-07-02,4
2022-07-03,25
2022-07-05,64
2022-07-06,1
2022-07-08,25
2022-07-09,16
2022-07-10,1
2022-07-11,1
2022-07-12,9
2022-07-13,36
2022-07-14,4
2022-07-15,1
2022-07-16,9
2022-07-17,4
2022-07-18,16
2022-07-19,1
2022-07-20,4
2022-07-21,16
2022-07-22,36
2022-07-23,25
2022-07-24,16
2022-07-25,16
2022-07-26,1
2022-07-27,25
2022-07-28,9
2022-07-29,16
2022-07-30,1
2022-07-31,9
2022-08-01,16
2022-08-02,25
2022-08-04,16
2022-08-05,36
2022-08-06,25
2022-08-08,1
2022-08-09,9
2022-08-10,81
2022-08-11,25
2022-08-12,16
2022-08-13,36
2022-08-14,16
2022-08-15,25
2022-08-16,16
2022-08-17,16
2022-08-18,4
2022-08-20,25
2022-08-21,9
2022-08-22,4
2022-08-23,81
2022-08-24,9
2022-08-25,36
2022-08-26,1
2022-08-27,100
2022-08-28,1
2022-08-29,144
2022-08-31,36
2022-09-01,9
2022-09-02,36
2022-09-03,1
2022-09-04,4
2022-09-06,81
2022-09-07,16
2022-09-08,25
2022-09-09,4
2022-09-10,16
2022-09-11,16
2022-09-12,25
2022-09-13,16
2022-09-14,25
2022-09-15,36
2022-09-16,16
2022-09-17,9
2022-09-18,9
2022-09-19,64
2022-09-20,9
2022-09-21,9
2022-09-22,16
2022-09-23,1
2022-09-24,1
2022-09-25,9
2022-09-26,49
2022-09-27,4
2022-09-28,36
2022-09-29,64
2022-09-30,9
2022-10-01,9
2022-11-22,9
2022-11-23,49
2022-11-25,1
2022-11-26,64
2022-11-27,64
2022-11-28,36
2022-11-29,36
2022-11-30,16
2022-12-01,100
2022-12-02,9
2022-12-03,25
2022-12-04,81
2022-12-05,400
2022-12-06,49
2022-12-07,16
2022-12-08,64
2022-12-09,81
2022-12-10,289
2022-12-11,324
2022-12-12,196
2022-12-13,81
2022-12-14,169
2022-12-15,121
2022-12-16,100
2022-12-17,169
2022-12-18,64
2022-12-19,144
2022-12-20,36
2022-12-21,36
2022-12-22,225
2022-12-26,169
2022-12-27,400
2022-12-28,289
2022-12-29,36
2022-12-30,36
2022-12-31,441
2023-01-02,625
2023-01-03,256
2023-01-04,169
2023-01-05,64
2023-01-06,49
2023-01-07,100
2023-01-08,16
2023-01-09,121
2023-01-10,169
2023-01-11,225
2023-01-12,4
2023-01-13,64
2023-01-14,49
2023-01-15,36
2023-01-17,361
2023-01-18,25
2023-01-19,169
2023-01-20,100
2023-01-21,144
2023-01-22,121
2023-01-23,64
2023-01-24,144
2023-01-25,144
2023-01-26,36
2023-01-27,81
2023-01-28,289
2023-01-29,169
2023-01-30,324
2023-01-31,81
2023-02-01,81
2023-02-02,25
2023-02-03,16
2023-02-04,196
2023-02-05,9
2023-02-06,144
2023-02-07,256
2023-02-08,16
2023-02-09,64
2023-02-10,100
2023-02-11,196
2023-02-12,49
2023-02-13,121
2023-02-14,169
